2026-07-11 15:54:37 [main] INFO  com.smartproperty.SmartPropertyApplication - Starting SmartPropertyApplication using Java 25 with PID 488 (C:\Users\34588\Desktop\ai租房test\ai-intelligent-rental-housing\code\ai租房系统\backend\target\classes started by 34588 in C:\Users\34588\Desktop\ai租房test\ai-intelligent-rental-housing\code\ai租房系统\backend)
2026-07-11 15:54:37 [main] DEBUG com.smartproperty.SmartPropertyApplication - Running with Spring Boot v3.1.9, Spring v6.0.17
2026-07-11 15:54:37 [main] INFO  com.smartproperty.SmartPropertyApplication - No active profile set, falling back to 1 default profile: "default"
2026-07-11 15:54:39 [main] DEBUG org.mybatis.spring.mapper.ClassPathMapperScanner - Identified candidate component class: file [C:\Users\34588\Desktop\ai租房test\ai-intelligent-rental-housing\code\ai租房系统\backend\target\classes\com\smartproperty\mapper\AIContentGenerationMapper.class]
2026-07-11 15:54:39 [main] DEBUG org.mybatis.spring.mapper.ClassPathMapperScanner - Identified candidate component class: file [C:\Users\34588\Desktop\ai租房test\ai-intelligent-rental-housing\code\ai租房系统\backend\target\classes\com\smartproperty\mapper\AIQAHistoryMapper.class]
2026-07-11 15:54:39 [main] DEBUG org.mybatis.spring.mapper.ClassPathMapperScanner - Identified candidate component class: file [C:\Users\34588\Desktop\ai租房test\ai-intelligent-rental-housing\code\ai租房系统\backend\target\classes\com\smartproperty\mapper\AIRecommendationLogMapper.class]
2026-07-11 15:54:39 [main] DEBUG org.mybatis.spring.mapper.ClassPathMapperScanner - Identified candidate component class: file [C:\Users\34588\Desktop\ai租房test\ai-intelligent-rental-housing\code\ai租房系统\backend\target\classes\com\smartproperty\mapper\AppointmentMapper.class]
2026-07-11 15:54:39 [main] DEBUG org.mybatis.spring.mapper.ClassPathMapperScanner - Identified candidate component class: file [C:\Users\34588\Desktop\ai租房test\ai-intelligent-rental-housing\code\ai租房系统\backend\target\classes\com\smartproperty\mapper\ContractMapper.class]
2026-07-11 15:54:39 [main] DEBUG org.mybatis.spring.mapper.ClassPathMapperScanner - Identified candidate component class: file [C:\Users\34588\Desktop\ai租房test\ai-intelligent-rental-housing\code\ai租房系统\backend\target\classes\com\smartproperty\mapper\FavoriteMapper.class]
2026-07-11 15:54:39 [main] DEBUG org.mybatis.spring.mapper.ClassPathMapperScanner - Identified candidate component class: file [C:\Users\34588\Desktop\ai租房test\ai-intelligent-rental-housing\code\ai租房系统\backend\target\classes\com\smartproperty\mapper\MessageMapper.class]
2026-07-11 15:54:39 [main] DEBUG org.mybatis.spring.mapper.ClassPathMapperScanner - Identified candidate component class: file [C:\Users\34588\Desktop\ai租房test\ai-intelligent-rental-housing\code\ai租房系统\backend\target\classes\com\smartproperty\mapper\PaymentRecordMapper.class]
2026-07-11 15:54:39 [main] DEBUG org.mybatis.spring.mapper.ClassPathMapperScanner - Identified candidate component class: file [C:\Users\34588\Desktop\ai租房test\ai-intelligent-rental-housing\code\ai租房系统\backend\target\classes\com\smartproperty\mapper\PropertyMapper.class]
2026-07-11 15:54:39 [main] DEBUG org.mybatis.spring.mapper.ClassPathMapperScanner - Identified candidate component class: file [C:\Users\34588\Desktop\ai租房test\ai-intelligent-rental-housing\code\ai租房系统\backend\target\classes\com\smartproperty\mapper\TransactionAttachmentMapper.class]
2026-07-11 15:54:39 [main] DEBUG org.mybatis.spring.mapper.ClassPathMapperScanner - Identified candidate component class: file [C:\Users\34588\Desktop\ai租房test\ai-intelligent-rental-housing\code\ai租房系统\backend\target\classes\com\smartproperty\mapper\TransactionConversationMapper.class]
2026-07-11 15:54:39 [main] DEBUG org.mybatis.spring.mapper.ClassPathMapperScanner - Identified candidate component class: file [C:\Users\34588\Desktop\ai租房test\ai-intelligent-rental-housing\code\ai租房系统\backend\target\classes\com\smartproperty\mapper\TransactionPaymentMapper.class]
2026-07-11 15:54:39 [main] DEBUG org.mybatis.spring.mapper.ClassPathMapperScanner - Identified candidate component class: file [C:\Users\34588\Desktop\ai租房test\ai-intelligent-rental-housing\code\ai租房系统\backend\target\classes\com\smartproperty\mapper\TransactionProcessLogMapper.class]
2026-07-11 15:54:39 [main] DEBUG org.mybatis.spring.mapper.ClassPathMapperScanner - Identified candidate component class: file [C:\Users\34588\Desktop\ai租房test\ai-intelligent-rental-housing\code\ai租房系统\backend\target\classes\com\smartproperty\mapper\TransactionStatisticsMapper.class]
2026-07-11 15:54:39 [main] DEBUG org.mybatis.spring.mapper.ClassPathMapperScanner - Identified candidate component class: file [C:\Users\34588\Desktop\ai租房test\ai-intelligent-rental-housing\code\ai租房系统\backend\target\classes\com\smartproperty\mapper\UserBehaviorLogMapper.class]
2026-07-11 15:54:39 [main] DEBUG org.mybatis.spring.mapper.ClassPathMapperScanner - Identified candidate component class: file [C:\Users\34588\Desktop\ai租房test\ai-intelligent-rental-housing\code\ai租房系统\backend\target\classes\com\smartproperty\mapper\UserMapper.class]
2026-07-11 15:54:39 [main] DEBUG org.mybatis.spring.mapper.ClassPathMapperScanner - Creating MapperFactoryBean with name 'AIContentGenerationMapper' and 'com.smartproperty.mapper.AIContentGenerationMapper' mapperInterface
2026-07-11 15:54:39 [main] DEBUG org.mybatis.spring.mapper.ClassPathMapperScanner - Enabling autowire by type for MapperFactoryBean with name 'AIContentGenerationMapper'.
2026-07-11 15:54:39 [main] DEBUG org.mybatis.spring.mapper.ClassPathMapperScanner - Creating MapperFactoryBean with name 'AIQAHistoryMapper' and 'com.smartproperty.mapper.AIQAHistoryMapper' mapperInterface
2026-07-11 15:54:39 [main] DEBUG org.mybatis.spring.mapper.ClassPathMapperScanner - Enabling autowire by type for MapperFactoryBean with name 'AIQAHistoryMapper'.
2026-07-11 15:54:39 [main] DEBUG org.mybatis.spring.mapper.ClassPathMapperScanner - Creating MapperFactoryBean with name 'AIRecommendationLogMapper' and 'com.smartproperty.mapper.AIRecommendationLogMapper' mapperInterface
2026-07-11 15:54:39 [main] DEBUG org.mybatis.spring.mapper.ClassPathMapperScanner - Enabling autowire by type for MapperFactoryBean with name 'AIRecommendationLogMapper'.
2026-07-11 15:54:39 [main] DEBUG org.mybatis.spring.mapper.ClassPathMapperScanner - Creating MapperFactoryBean with name 'appointmentMapper' and 'com.smartproperty.mapper.AppointmentMapper' mapperInterface
2026-07-11 15:54:39 [main] DEBUG org.mybatis.spring.mapper.ClassPathMapperScanner - Enabling autowire by type for MapperFactoryBean with name 'appointmentMapper'.
2026-07-11 15:54:39 [main] DEBUG org.mybatis.spring.mapper.ClassPathMapperScanner - Creating MapperFactoryBean with name 'contractMapper' and 'com.smartproperty.mapper.ContractMapper' mapperInterface
2026-07-11 15:54:39 [main] DEBUG org.mybatis.spring.mapper.ClassPathMapperScanner - Enabling autowire by type for MapperFactoryBean with name 'contractMapper'.
2026-07-11 15:54:39 [main] DEBUG org.mybatis.spring.mapper.ClassPathMapperScanner - Creating MapperFactoryBean with name 'favoriteMapper' and 'com.smartproperty.mapper.FavoriteMapper' mapperInterface
2026-07-11 15:54:39 [main] DEBUG org.mybatis.spring.mapper.ClassPathMapperScanner - Enabling autowire by type for MapperFactoryBean with name 'favoriteMapper'.
2026-07-11 15:54:39 [main] DEBUG org.mybatis.spring.mapper.ClassPathMapperScanner - Creating MapperFactoryBean with name 'messageMapper' and 'com.smartproperty.mapper.MessageMapper' mapperInterface
2026-07-11 15:54:39 [main] DEBUG org.mybatis.spring.mapper.ClassPathMapperScanner - Enabling autowire by type for MapperFactoryBean with name 'messageMapper'.
2026-07-11 15:54:39 [main] DEBUG org.mybatis.spring.mapper.ClassPathMapperScanner - Creating MapperFactoryBean with name 'paymentRecordMapper' and 'com.smartproperty.mapper.PaymentRecordMapper' mapperInterface
2026-07-11 15:54:39 [main] DEBUG org.mybatis.spring.mapper.ClassPathMapperScanner - Enabling autowire by type for MapperFactoryBean with name 'paymentRecordMapper'.
2026-07-11 15:54:39 [main] DEBUG org.mybatis.spring.mapper.ClassPathMapperScanner - Creating MapperFactoryBean with name 'propertyMapper' and 'com.smartproperty.mapper.PropertyMapper' mapperInterface
2026-07-11 15:54:39 [main] DEBUG org.mybatis.spring.mapper.ClassPathMapperScanner - Enabling autowire by type for MapperFactoryBean with name 'propertyMapper'.
2026-07-11 15:54:39 [main] DEBUG org.mybatis.spring.mapper.ClassPathMapperScanner - Creating MapperFactoryBean with name 'transactionAttachmentMapper' and 'com.smartproperty.mapper.TransactionAttachmentMapper' mapperInterface
2026-07-11 15:54:39 [main] DEBUG org.mybatis.spring.mapper.ClassPathMapperScanner - Enabling autowire by type for MapperFactoryBean with name 'transactionAttachmentMapper'.
2026-07-11 15:54:39 [main] DEBUG org.mybatis.spring.mapper.ClassPathMapperScanner - Creating MapperFactoryBean with name 'transactionConversationMapper' and 'com.smartproperty.mapper.TransactionConversationMapper' mapperInterface
2026-07-11 15:54:39 [main] DEBUG org.mybatis.spring.mapper.ClassPathMapperScanner - Enabling autowire by type for MapperFactoryBean with name 'transactionConversationMapper'.
2026-07-11 15:54:39 [main] DEBUG org.mybatis.spring.mapper.ClassPathMapperScanner - Creating MapperFactoryBean with name 'transactionPaymentMapper' and 'com.smartproperty.mapper.TransactionPaymentMapper' mapperInterface
2026-07-11 15:54:39 [main] DEBUG org.mybatis.spring.mapper.ClassPathMapperScanner - Enabling autowire by type for MapperFactoryBean with name 'transactionPaymentMapper'.
2026-07-11 15:54:39 [main] DEBUG org.mybatis.spring.mapper.ClassPathMapperScanner - Creating MapperFactoryBean with name 'transactionProcessLogMapper' and 'com.smartproperty.mapper.TransactionProcessLogMapper' mapperInterface
2026-07-11 15:54:39 [main] DEBUG org.mybatis.spring.mapper.ClassPathMapperScanner - Enabling autowire by type for MapperFactoryBean with name 'transactionProcessLogMapper'.
2026-07-11 15:54:39 [main] DEBUG org.mybatis.spring.mapper.ClassPathMapperScanner - Creating MapperFactoryBean with name 'transactionStatisticsMapper' and 'com.smartproperty.mapper.TransactionStatisticsMapper' mapperInterface
2026-07-11 15:54:39 [main] DEBUG org.mybatis.spring.mapper.ClassPathMapperScanner - Enabling autowire by type for MapperFactoryBean with name 'transactionStatisticsMapper'.
2026-07-11 15:54:39 [main] DEBUG org.mybatis.spring.mapper.ClassPathMapperScanner - Creating MapperFactoryBean with name 'userBehaviorLogMapper' and 'com.smartproperty.mapper.UserBehaviorLogMapper' mapperInterface
2026-07-11 15:54:39 [main] DEBUG org.mybatis.spring.mapper.ClassPathMapperScanner - Enabling autowire by type for MapperFactoryBean with name 'userBehaviorLogMapper'.
2026-07-11 15:54:39 [main] DEBUG org.mybatis.spring.mapper.ClassPathMapperScanner - Creating MapperFactoryBean with name 'userMapper' and 'com.smartproperty.mapper.UserMapper' mapperInterface
2026-07-11 15:54:39 [main] DEBUG org.mybatis.spring.mapper.ClassPathMapperScanner - Enabling autowire by type for MapperFactoryBean with name 'userMapper'.
2026-07-11 15:54:39 [main] INFO  o.s.boot.web.embedded.tomcat.TomcatWebServer - Tomcat initialized with port(s): 8080 (http)
2026-07-11 15:54:39 [main] INFO  org.apache.catalina.core.StandardService - Starting service [Tomcat]
2026-07-11 15:54:39 [main] INFO  org.apache.catalina.core.StandardEngine - Starting Servlet engine: [Apache Tomcat/10.1.19]
2026-07-11 15:54:39 [main] INFO  o.a.c.c.ContainerBase.[Tomcat].[localhost].[/api] - Initializing Spring embedded WebApplicationContext
2026-07-11 15:54:39 [main] INFO  o.s.b.w.s.c.ServletWebServerApplicationContext - Root WebApplicationContext: initialization completed in 1546 ms
2026-07-11 15:54:39 [main] ERROR c.baomidou.mybatisplus.core.MybatisConfiguration - mapper[com.smartproperty.mapper.ContractMapper.selectByAppointmentId] is ignored, because it exists, maybe from xml file
2026-07-11 15:54:39 [main] ERROR c.baomidou.mybatisplus.core.MybatisConfiguration - mapper[com.smartproperty.mapper.PaymentRecordMapper.selectByContractId] is ignored, because it exists, maybe from xml file
2026-07-11 15:54:39 [main] ERROR c.baomidou.mybatisplus.core.MybatisConfiguration - mapper[com.smartproperty.mapper.PaymentRecordMapper.selectByAppointmentId] is ignored, because it exists, maybe from xml file
2026-07-11 15:54:39 [main] ERROR c.baomidou.mybatisplus.core.MybatisConfiguration - mapper[com.smartproperty.mapper.TransactionProcessLogMapper.selectByAppointmentAndStage] is ignored, because it exists, maybe from xml file
2026-07-11 15:54:39 [main] ERROR c.baomidou.mybatisplus.core.MybatisConfiguration - mapper[com.smartproperty.mapper.TransactionProcessLogMapper.selectByAppointmentId] is ignored, because it exists, maybe from xml file
2026-07-11 15:54:40 [main] WARN  o.s.b.a.s.s.UserDetailsServiceAutoConfiguration - 

Using generated security password: be5fca32-19a3-42a3-b8c7-d05002fdcc7f

This generated password is for development use only. Your security configuration must be updated before running your application in production.

2026-07-11 15:54:40 [main] INFO  o.s.security.web.DefaultSecurityFilterChain - Will secure any request with [org.springframework.security.web.session.DisableEncodeUrlFilter@104a287c, org.springframework.security.web.context.request.async.WebAsyncManagerIntegrationFilter@64dc86c6, org.springframework.security.web.context.SecurityContextHolderFilter@147e0734, org.springframework.security.web.header.HeaderWriterFilter@4cae66a8, org.springframework.web.filter.CorsFilter@26874f2c, org.springframework.security.web.authentication.logout.LogoutFilter@38de5daf, org.springframework.security.web.savedrequest.RequestCacheAwareFilter@7b8aebd0, org.springframework.security.web.servletapi.SecurityContextHolderAwareRequestFilter@639c7f9c, org.springframework.security.web.authentication.AnonymousAuthenticationFilter@5f3b84bd, org.springframework.security.web.access.ExceptionTranslationFilter@7e94e331, org.springframework.security.web.access.intercept.AuthorizationFilter@59d5a6fd]
2026-07-11 15:54:40 [main] INFO  o.s.boot.web.embedded.tomcat.TomcatWebServer - Tomcat started on port(s): 8080 (http) with context path '/api'
2026-07-11 15:54:40 [main] INFO  com.smartproperty.SmartPropertyApplication - Started SmartPropertyApplication in 3.437 seconds (process running for 4.198)
2026-07-11 15:55:27 [http-nio-8080-exec-1] INFO  o.a.c.c.ContainerBase.[Tomcat].[localhost].[/api] - Initializing Spring DispatcherServlet 'dispatcherServlet'
2026-07-11 15:55:27 [http-nio-8080-exec-1] INFO  org.springframework.web.servlet.DispatcherServlet - Initializing Servlet 'dispatcherServlet'
2026-07-11 15:55:27 [http-nio-8080-exec-1] INFO  org.springframework.web.servlet.DispatcherServlet - Completed initialization in 0 ms
2026-07-11 15:55:28 [http-nio-8080-exec-1] INFO  com.zaxxer.hikari.HikariDataSource - HikariPool-1 - Starting...
2026-07-11 15:55:28 [http-nio-8080-exec-1] INFO  com.zaxxer.hikari.pool.HikariPool - HikariPool-1 - Added connection com.mysql.cj.jdbc.ConnectionImpl@1f170f93
2026-07-11 15:55:28 [http-nio-8080-exec-1] INFO  com.zaxxer.hikari.HikariDataSource - HikariPool-1 - Start completed.
2026-07-11 15:55:50 [SpringApplicationShutdownHook] INFO  com.zaxxer.hikari.HikariDataSource - HikariPool-1 - Shutdown initiated...
2026-07-11 15:55:50 [SpringApplicationShutdownHook] INFO  com.zaxxer.hikari.HikariDataSource - HikariPool-1 - Shutdown completed.
2026-07-11 16:01:03 [main] INFO  com.smartproperty.SmartPropertyApplication - Starting SmartPropertyApplication using Java 21.0.10 with PID 17684 (C:\Users\34588\Desktop\ai租房test\ai-intelligent-rental-housing\code\ai租房系统\backend\target\classes started by 34588 in C:\Users\34588\Desktop\ai租房test\ai-intelligent-rental-housing\code\ai租房系统\backend)
2026-07-11 16:01:03 [main] DEBUG com.smartproperty.SmartPropertyApplication - Running with Spring Boot v3.1.9, Spring v6.0.17
2026-07-11 16:01:03 [main] INFO  com.smartproperty.SmartPropertyApplication - No active profile set, falling back to 1 default profile: "default"
2026-07-11 16:01:04 [main] DEBUG org.mybatis.spring.mapper.ClassPathMapperScanner - Identified candidate component class: file [C:\Users\34588\Desktop\ai租房test\ai-intelligent-rental-housing\code\ai租房系统\backend\target\classes\com\smartproperty\mapper\AIContentGenerationMapper.class]
2026-07-11 16:01:04 [main] DEBUG org.mybatis.spring.mapper.ClassPathMapperScanner - Identified candidate component class: file [C:\Users\34588\Desktop\ai租房test\ai-intelligent-rental-housing\code\ai租房系统\backend\target\classes\com\smartproperty\mapper\AIQAHistoryMapper.class]
2026-07-11 16:01:04 [main] DEBUG org.mybatis.spring.mapper.ClassPathMapperScanner - Identified candidate component class: file [C:\Users\34588\Desktop\ai租房test\ai-intelligent-rental-housing\code\ai租房系统\backend\target\classes\com\smartproperty\mapper\AIRecommendationLogMapper.class]
2026-07-11 16:01:04 [main] DEBUG org.mybatis.spring.mapper.ClassPathMapperScanner - Identified candidate component class: file [C:\Users\34588\Desktop\ai租房test\ai-intelligent-rental-housing\code\ai租房系统\backend\target\classes\com\smartproperty\mapper\AppointmentMapper.class]
2026-07-11 16:01:04 [main] DEBUG org.mybatis.spring.mapper.ClassPathMapperScanner - Identified candidate component class: file [C:\Users\34588\Desktop\ai租房test\ai-intelligent-rental-housing\code\ai租房系统\backend\target\classes\com\smartproperty\mapper\ContractMapper.class]
2026-07-11 16:01:04 [main] DEBUG org.mybatis.spring.mapper.ClassPathMapperScanner - Identified candidate component class: file [C:\Users\34588\Desktop\ai租房test\ai-intelligent-rental-housing\code\ai租房系统\backend\target\classes\com\smartproperty\mapper\FavoriteMapper.class]
2026-07-11 16:01:04 [main] DEBUG org.mybatis.spring.mapper.ClassPathMapperScanner - Identified candidate component class: file [C:\Users\34588\Desktop\ai租房test\ai-intelligent-rental-housing\code\ai租房系统\backend\target\classes\com\smartproperty\mapper\MessageMapper.class]
2026-07-11 16:01:04 [main] DEBUG org.mybatis.spring.mapper.ClassPathMapperScanner - Identified candidate component class: file [C:\Users\34588\Desktop\ai租房test\ai-intelligent-rental-housing\code\ai租房系统\backend\target\classes\com\smartproperty\mapper\PaymentRecordMapper.class]
2026-07-11 16:01:04 [main] DEBUG org.mybatis.spring.mapper.ClassPathMapperScanner - Identified candidate component class: file [C:\Users\34588\Desktop\ai租房test\ai-intelligent-rental-housing\code\ai租房系统\backend\target\classes\com\smartproperty\mapper\PropertyMapper.class]
2026-07-11 16:01:04 [main] DEBUG org.mybatis.spring.mapper.ClassPathMapperScanner - Identified candidate component class: file [C:\Users\34588\Desktop\ai租房test\ai-intelligent-rental-housing\code\ai租房系统\backend\target\classes\com\smartproperty\mapper\TransactionAttachmentMapper.class]
2026-07-11 16:01:04 [main] DEBUG org.mybatis.spring.mapper.ClassPathMapperScanner - Identified candidate component class: file [C:\Users\34588\Desktop\ai租房test\ai-intelligent-rental-housing\code\ai租房系统\backend\target\classes\com\smartproperty\mapper\TransactionConversationMapper.class]
2026-07-11 16:01:04 [main] DEBUG org.mybatis.spring.mapper.ClassPathMapperScanner - Identified candidate component class: file [C:\Users\34588\Desktop\ai租房test\ai-intelligent-rental-housing\code\ai租房系统\backend\target\classes\com\smartproperty\mapper\TransactionPaymentMapper.class]
2026-07-11 16:01:04 [main] DEBUG org.mybatis.spring.mapper.ClassPathMapperScanner - Identified candidate component class: file [C:\Users\34588\Desktop\ai租房test\ai-intelligent-rental-housing\code\ai租房系统\backend\target\classes\com\smartproperty\mapper\TransactionProcessLogMapper.class]
2026-07-11 16:01:04 [main] DEBUG org.mybatis.spring.mapper.ClassPathMapperScanner - Identified candidate component class: file [C:\Users\34588\Desktop\ai租房test\ai-intelligent-rental-housing\code\ai租房系统\backend\target\classes\com\smartproperty\mapper\TransactionStatisticsMapper.class]
2026-07-11 16:01:04 [main] DEBUG org.mybatis.spring.mapper.ClassPathMapperScanner - Identified candidate component class: file [C:\Users\34588\Desktop\ai租房test\ai-intelligent-rental-housing\code\ai租房系统\backend\target\classes\com\smartproperty\mapper\UserBehaviorLogMapper.class]
2026-07-11 16:01:04 [main] DEBUG org.mybatis.spring.mapper.ClassPathMapperScanner - Identified candidate component class: file [C:\Users\34588\Desktop\ai租房test\ai-intelligent-rental-housing\code\ai租房系统\backend\target\classes\com\smartproperty\mapper\UserMapper.class]
2026-07-11 16:01:04 [main] DEBUG org.mybatis.spring.mapper.ClassPathMapperScanner - Creating MapperFactoryBean with name 'AIContentGenerationMapper' and 'com.smartproperty.mapper.AIContentGenerationMapper' mapperInterface
2026-07-11 16:01:04 [main] DEBUG org.mybatis.spring.mapper.ClassPathMapperScanner - Enabling autowire by type for MapperFactoryBean with name 'AIContentGenerationMapper'.
2026-07-11 16:01:04 [main] DEBUG org.mybatis.spring.mapper.ClassPathMapperScanner - Creating MapperFactoryBean with name 'AIQAHistoryMapper' and 'com.smartproperty.mapper.AIQAHistoryMapper' mapperInterface
2026-07-11 16:01:04 [main] DEBUG org.mybatis.spring.mapper.ClassPathMapperScanner - Enabling autowire by type for MapperFactoryBean with name 'AIQAHistoryMapper'.
2026-07-11 16:01:04 [main] DEBUG org.mybatis.spring.mapper.ClassPathMapperScanner - Creating MapperFactoryBean with name 'AIRecommendationLogMapper' and 'com.smartproperty.mapper.AIRecommendationLogMapper' mapperInterface
2026-07-11 16:01:04 [main] DEBUG org.mybatis.spring.mapper.ClassPathMapperScanner - Enabling autowire by type for MapperFactoryBean with name 'AIRecommendationLogMapper'.
2026-07-11 16:01:04 [main] DEBUG org.mybatis.spring.mapper.ClassPathMapperScanner - Creating MapperFactoryBean with name 'appointmentMapper' and 'com.smartproperty.mapper.AppointmentMapper' mapperInterface
2026-07-11 16:01:04 [main] DEBUG org.mybatis.spring.mapper.ClassPathMapperScanner - Enabling autowire by type for MapperFactoryBean with name 'appointmentMapper'.
2026-07-11 16:01:04 [main] DEBUG org.mybatis.spring.mapper.ClassPathMapperScanner - Creating MapperFactoryBean with name 'contractMapper' and 'com.smartproperty.mapper.ContractMapper' mapperInterface
2026-07-11 16:01:04 [main] DEBUG org.mybatis.spring.mapper.ClassPathMapperScanner - Enabling autowire by type for MapperFactoryBean with name 'contractMapper'.
2026-07-11 16:01:04 [main] DEBUG org.mybatis.spring.mapper.ClassPathMapperScanner - Creating MapperFactoryBean with name 'favoriteMapper' and 'com.smartproperty.mapper.FavoriteMapper' mapperInterface
2026-07-11 16:01:04 [main] DEBUG org.mybatis.spring.mapper.ClassPathMapperScanner - Enabling autowire by type for MapperFactoryBean with name 'favoriteMapper'.
2026-07-11 16:01:04 [main] DEBUG org.mybatis.spring.mapper.ClassPathMapperScanner - Creating MapperFactoryBean with name 'messageMapper' and 'com.smartproperty.mapper.MessageMapper' mapperInterface
2026-07-11 16:01:04 [main] DEBUG org.mybatis.spring.mapper.ClassPathMapperScanner - Enabling autowire by type for MapperFactoryBean with name 'messageMapper'.
2026-07-11 16:01:04 [main] DEBUG org.mybatis.spring.mapper.ClassPathMapperScanner - Creating MapperFactoryBean with name 'paymentRecordMapper' and 'com.smartproperty.mapper.PaymentRecordMapper' mapperInterface
2026-07-11 16:01:04 [main] DEBUG org.mybatis.spring.mapper.ClassPathMapperScanner - Enabling autowire by type for MapperFactoryBean with name 'paymentRecordMapper'.
2026-07-11 16:01:04 [main] DEBUG org.mybatis.spring.mapper.ClassPathMapperScanner - Creating MapperFactoryBean with name 'propertyMapper' and 'com.smartproperty.mapper.PropertyMapper' mapperInterface
2026-07-11 16:01:04 [main] DEBUG org.mybatis.spring.mapper.ClassPathMapperScanner - Enabling autowire by type for MapperFactoryBean with name 'propertyMapper'.
2026-07-11 16:01:04 [main] DEBUG org.mybatis.spring.mapper.ClassPathMapperScanner - Creating MapperFactoryBean with name 'transactionAttachmentMapper' and 'com.smartproperty.mapper.TransactionAttachmentMapper' mapperInterface
2026-07-11 16:01:04 [main] DEBUG org.mybatis.spring.mapper.ClassPathMapperScanner - Enabling autowire by type for MapperFactoryBean with name 'transactionAttachmentMapper'.
2026-07-11 16:01:04 [main] DEBUG org.mybatis.spring.mapper.ClassPathMapperScanner - Creating MapperFactoryBean with name 'transactionConversationMapper' and 'com.smartproperty.mapper.TransactionConversationMapper' mapperInterface
2026-07-11 16:01:04 [main] DEBUG org.mybatis.spring.mapper.ClassPathMapperScanner - Enabling autowire by type for MapperFactoryBean with name 'transactionConversationMapper'.
2026-07-11 16:01:04 [main] DEBUG org.mybatis.spring.mapper.ClassPathMapperScanner - Creating MapperFactoryBean with name 'transactionPaymentMapper' and 'com.smartproperty.mapper.TransactionPaymentMapper' mapperInterface
2026-07-11 16:01:04 [main] DEBUG org.mybatis.spring.mapper.ClassPathMapperScanner - Enabling autowire by type for MapperFactoryBean with name 'transactionPaymentMapper'.
2026-07-11 16:01:04 [main] DEBUG org.mybatis.spring.mapper.ClassPathMapperScanner - Creating MapperFactoryBean with name 'transactionProcessLogMapper' and 'com.smartproperty.mapper.TransactionProcessLogMapper' mapperInterface
2026-07-11 16:01:04 [main] DEBUG org.mybatis.spring.mapper.ClassPathMapperScanner - Enabling autowire by type for MapperFactoryBean with name 'transactionProcessLogMapper'.
2026-07-11 16:01:04 [main] DEBUG org.mybatis.spring.mapper.ClassPathMapperScanner - Creating MapperFactoryBean with name 'transactionStatisticsMapper' and 'com.smartproperty.mapper.TransactionStatisticsMapper' mapperInterface
2026-07-11 16:01:04 [main] DEBUG org.mybatis.spring.mapper.ClassPathMapperScanner - Enabling autowire by type for MapperFactoryBean with name 'transactionStatisticsMapper'.
2026-07-11 16:01:04 [main] DEBUG org.mybatis.spring.mapper.ClassPathMapperScanner - Creating MapperFactoryBean with name 'userBehaviorLogMapper' and 'com.smartproperty.mapper.UserBehaviorLogMapper' mapperInterface
2026-07-11 16:01:04 [main] DEBUG org.mybatis.spring.mapper.ClassPathMapperScanner - Enabling autowire by type for MapperFactoryBean with name 'userBehaviorLogMapper'.
2026-07-11 16:01:04 [main] DEBUG org.mybatis.spring.mapper.ClassPathMapperScanner - Creating MapperFactoryBean with name 'userMapper' and 'com.smartproperty.mapper.UserMapper' mapperInterface
2026-07-11 16:01:04 [main] DEBUG org.mybatis.spring.mapper.ClassPathMapperScanner - Enabling autowire by type for MapperFactoryBean with name 'userMapper'.
2026-07-11 16:01:05 [main] INFO  o.s.boot.web.embedded.tomcat.TomcatWebServer - Tomcat initialized with port(s): 8080 (http)
2026-07-11 16:01:05 [main] INFO  org.apache.catalina.core.StandardService - Starting service [Tomcat]
2026-07-11 16:01:05 [main] INFO  org.apache.catalina.core.StandardEngine - Starting Servlet engine: [Apache Tomcat/10.1.19]
2026-07-11 16:01:05 [main] INFO  o.a.c.c.ContainerBase.[Tomcat].[localhost].[/api] - Initializing Spring embedded WebApplicationContext
2026-07-11 16:01:05 [main] INFO  o.s.b.w.s.c.ServletWebServerApplicationContext - Root WebApplicationContext: initialization completed in 1460 ms
2026-07-11 16:01:06 [main] ERROR c.baomidou.mybatisplus.core.MybatisConfiguration - mapper[com.smartproperty.mapper.ContractMapper.selectByAppointmentId] is ignored, because it exists, maybe from xml file
2026-07-11 16:01:06 [main] ERROR c.baomidou.mybatisplus.core.MybatisConfiguration - mapper[com.smartproperty.mapper.PaymentRecordMapper.selectByAppointmentId] is ignored, because it exists, maybe from xml file
2026-07-11 16:01:06 [main] ERROR c.baomidou.mybatisplus.core.MybatisConfiguration - mapper[com.smartproperty.mapper.PaymentRecordMapper.selectByContractId] is ignored, because it exists, maybe from xml file
2026-07-11 16:01:06 [main] ERROR c.baomidou.mybatisplus.core.MybatisConfiguration - mapper[com.smartproperty.mapper.TransactionProcessLogMapper.selectByAppointmentId] is ignored, because it exists, maybe from xml file
2026-07-11 16:01:06 [main] ERROR c.baomidou.mybatisplus.core.MybatisConfiguration - mapper[com.smartproperty.mapper.TransactionProcessLogMapper.selectByAppointmentAndStage] is ignored, because it exists, maybe from xml file
2026-07-11 16:01:07 [main] WARN  o.s.b.a.s.s.UserDetailsServiceAutoConfiguration - 

Using generated security password: 0e1c88bd-5fa1-48d7-ae9b-5e4d98def2e7

This generated password is for development use only. Your security configuration must be updated before running your application in production.

2026-07-11 16:01:07 [main] INFO  o.s.security.web.DefaultSecurityFilterChain - Will secure any request with [org.springframework.security.web.session.DisableEncodeUrlFilter@da09250, org.springframework.security.web.context.request.async.WebAsyncManagerIntegrationFilter@6d31f106, org.springframework.security.web.context.SecurityContextHolderFilter@221ca495, org.springframework.security.web.header.HeaderWriterFilter@1544ded3, org.springframework.web.filter.CorsFilter@587f4f63, org.springframework.security.web.authentication.logout.LogoutFilter@4c04216f, org.springframework.security.web.savedrequest.RequestCacheAwareFilter@773eca84, org.springframework.security.web.servletapi.SecurityContextHolderAwareRequestFilter@401788d5, org.springframework.security.web.authentication.AnonymousAuthenticationFilter@660b1a9d, org.springframework.security.web.access.ExceptionTranslationFilter@30036a18, org.springframework.security.web.access.intercept.AuthorizationFilter@34aa8b61]
2026-07-11 16:01:07 [main] INFO  o.s.boot.web.embedded.tomcat.TomcatWebServer - Tomcat started on port(s): 8080 (http) with context path '/api'
2026-07-11 16:01:07 [main] INFO  com.smartproperty.SmartPropertyApplication - Started SmartPropertyApplication in 4.404 seconds (process running for 4.989)
2026-07-11 16:01:36 [http-nio-8080-exec-1] INFO  o.a.c.c.ContainerBase.[Tomcat].[localhost].[/api] - Initializing Spring DispatcherServlet 'dispatcherServlet'
2026-07-11 16:01:36 [http-nio-8080-exec-1] INFO  org.springframework.web.servlet.DispatcherServlet - Initializing Servlet 'dispatcherServlet'
2026-07-11 16:01:36 [http-nio-8080-exec-1] INFO  org.springframework.web.servlet.DispatcherServlet - Completed initialization in 0 ms
2026-07-11 16:01:37 [http-nio-8080-exec-1] INFO  com.zaxxer.hikari.HikariDataSource - HikariPool-1 - Starting...
2026-07-11 16:01:37 [http-nio-8080-exec-1] INFO  com.zaxxer.hikari.pool.HikariPool - HikariPool-1 - Added connection com.mysql.cj.jdbc.ConnectionImpl@344fc596
2026-07-11 16:01:37 [http-nio-8080-exec-1] INFO  com.zaxxer.hikari.HikariDataSource - HikariPool-1 - Start completed.
2026-07-11 16:02:25 [SpringApplicationShutdownHook] INFO  com.zaxxer.hikari.HikariDataSource - HikariPool-1 - Shutdown initiated...
2026-07-11 16:02:25 [SpringApplicationShutdownHook] INFO  com.zaxxer.hikari.HikariDataSource - HikariPool-1 - Shutdown completed.
2026-07-11 16:40:10 [main] INFO  com.smartproperty.SmartPropertyApplication - Starting SmartPropertyApplication using Java 25 with PID 21312 (C:\Users\34588\Desktop\ai租房test\ai-intelligent-rental-housing\code\ai租房系统\backend\target\classes started by 34588 in C:\Users\34588\Desktop\ai租房test\ai-intelligent-rental-housing\code\ai租房系统\backend)
2026-07-11 16:40:10 [main] DEBUG com.smartproperty.SmartPropertyApplication - Running with Spring Boot v3.1.9, Spring v6.0.17
2026-07-11 16:40:10 [main] INFO  com.smartproperty.SmartPropertyApplication - No active profile set, falling back to 1 default profile: "default"
2026-07-11 16:40:12 [main] DEBUG org.mybatis.spring.mapper.ClassPathMapperScanner - Identified candidate component class: file [C:\Users\34588\Desktop\ai租房test\ai-intelligent-rental-housing\code\ai租房系统\backend\target\classes\com\smartproperty\mapper\AIContentGenerationMapper.class]
2026-07-11 16:40:12 [main] DEBUG org.mybatis.spring.mapper.ClassPathMapperScanner - Identified candidate component class: file [C:\Users\34588\Desktop\ai租房test\ai-intelligent-rental-housing\code\ai租房系统\backend\target\classes\com\smartproperty\mapper\AIQAHistoryMapper.class]
2026-07-11 16:40:12 [main] DEBUG org.mybatis.spring.mapper.ClassPathMapperScanner - Identified candidate component class: file [C:\Users\34588\Desktop\ai租房test\ai-intelligent-rental-housing\code\ai租房系统\backend\target\classes\com\smartproperty\mapper\AIRecommendationLogMapper.class]
2026-07-11 16:40:12 [main] DEBUG org.mybatis.spring.mapper.ClassPathMapperScanner - Identified candidate component class: file [C:\Users\34588\Desktop\ai租房test\ai-intelligent-rental-housing\code\ai租房系统\backend\target\classes\com\smartproperty\mapper\AppointmentMapper.class]
2026-07-11 16:40:12 [main] DEBUG org.mybatis.spring.mapper.ClassPathMapperScanner - Identified candidate component class: file [C:\Users\34588\Desktop\ai租房test\ai-intelligent-rental-housing\code\ai租房系统\backend\target\classes\com\smartproperty\mapper\ContractMapper.class]
2026-07-11 16:40:12 [main] DEBUG org.mybatis.spring.mapper.ClassPathMapperScanner - Identified candidate component class: file [C:\Users\34588\Desktop\ai租房test\ai-intelligent-rental-housing\code\ai租房系统\backend\target\classes\com\smartproperty\mapper\FavoriteMapper.class]
2026-07-11 16:40:12 [main] DEBUG org.mybatis.spring.mapper.ClassPathMapperScanner - Identified candidate component class: file [C:\Users\34588\Desktop\ai租房test\ai-intelligent-rental-housing\code\ai租房系统\backend\target\classes\com\smartproperty\mapper\MessageMapper.class]
2026-07-11 16:40:12 [main] DEBUG org.mybatis.spring.mapper.ClassPathMapperScanner - Identified candidate component class: file [C:\Users\34588\Desktop\ai租房test\ai-intelligent-rental-housing\code\ai租房系统\backend\target\classes\com\smartproperty\mapper\PaymentRecordMapper.class]
2026-07-11 16:40:12 [main] DEBUG org.mybatis.spring.mapper.ClassPathMapperScanner - Identified candidate component class: file [C:\Users\34588\Desktop\ai租房test\ai-intelligent-rental-housing\code\ai租房系统\backend\target\classes\com\smartproperty\mapper\PropertyMapper.class]
2026-07-11 16:40:12 [main] DEBUG org.mybatis.spring.mapper.ClassPathMapperScanner - Identified candidate component class: file [C:\Users\34588\Desktop\ai租房test\ai-intelligent-rental-housing\code\ai租房系统\backend\target\classes\com\smartproperty\mapper\TransactionAttachmentMapper.class]
2026-07-11 16:40:12 [main] DEBUG org.mybatis.spring.mapper.ClassPathMapperScanner - Identified candidate component class: file [C:\Users\34588\Desktop\ai租房test\ai-intelligent-rental-housing\code\ai租房系统\backend\target\classes\com\smartproperty\mapper\TransactionConversationMapper.class]
2026-07-11 16:40:12 [main] DEBUG org.mybatis.spring.mapper.ClassPathMapperScanner - Identified candidate component class: file [C:\Users\34588\Desktop\ai租房test\ai-intelligent-rental-housing\code\ai租房系统\backend\target\classes\com\smartproperty\mapper\TransactionPaymentMapper.class]
2026-07-11 16:40:12 [main] DEBUG org.mybatis.spring.mapper.ClassPathMapperScanner - Identified candidate component class: file [C:\Users\34588\Desktop\ai租房test\ai-intelligent-rental-housing\code\ai租房系统\backend\target\classes\com\smartproperty\mapper\TransactionProcessLogMapper.class]
2026-07-11 16:40:12 [main] DEBUG org.mybatis.spring.mapper.ClassPathMapperScanner - Identified candidate component class: file [C:\Users\34588\Desktop\ai租房test\ai-intelligent-rental-housing\code\ai租房系统\backend\target\classes\com\smartproperty\mapper\TransactionStatisticsMapper.class]
2026-07-11 16:40:12 [main] DEBUG org.mybatis.spring.mapper.ClassPathMapperScanner - Identified candidate component class: file [C:\Users\34588\Desktop\ai租房test\ai-intelligent-rental-housing\code\ai租房系统\backend\target\classes\com\smartproperty\mapper\UserBehaviorLogMapper.class]
2026-07-11 16:40:12 [main] DEBUG org.mybatis.spring.mapper.ClassPathMapperScanner - Identified candidate component class: file [C:\Users\34588\Desktop\ai租房test\ai-intelligent-rental-housing\code\ai租房系统\backend\target\classes\com\smartproperty\mapper\UserMapper.class]
2026-07-11 16:40:12 [main] DEBUG org.mybatis.spring.mapper.ClassPathMapperScanner - Creating MapperFactoryBean with name 'AIContentGenerationMapper' and 'com.smartproperty.mapper.AIContentGenerationMapper' mapperInterface
2026-07-11 16:40:12 [main] DEBUG org.mybatis.spring.mapper.ClassPathMapperScanner - Enabling autowire by type for MapperFactoryBean with name 'AIContentGenerationMapper'.
2026-07-11 16:40:12 [main] DEBUG org.mybatis.spring.mapper.ClassPathMapperScanner - Creating MapperFactoryBean with name 'AIQAHistoryMapper' and 'com.smartproperty.mapper.AIQAHistoryMapper' mapperInterface
2026-07-11 16:40:12 [main] DEBUG org.mybatis.spring.mapper.ClassPathMapperScanner - Enabling autowire by type for MapperFactoryBean with name 'AIQAHistoryMapper'.
2026-07-11 16:40:12 [main] DEBUG org.mybatis.spring.mapper.ClassPathMapperScanner - Creating MapperFactoryBean with name 'AIRecommendationLogMapper' and 'com.smartproperty.mapper.AIRecommendationLogMapper' mapperInterface
2026-07-11 16:40:12 [main] DEBUG org.mybatis.spring.mapper.ClassPathMapperScanner - Enabling autowire by type for MapperFactoryBean with name 'AIRecommendationLogMapper'.
2026-07-11 16:40:12 [main] DEBUG org.mybatis.spring.mapper.ClassPathMapperScanner - Creating MapperFactoryBean with name 'appointmentMapper' and 'com.smartproperty.mapper.AppointmentMapper' mapperInterface
2026-07-11 16:40:12 [main] DEBUG org.mybatis.spring.mapper.ClassPathMapperScanner - Enabling autowire by type for MapperFactoryBean with name 'appointmentMapper'.
2026-07-11 16:40:12 [main] DEBUG org.mybatis.spring.mapper.ClassPathMapperScanner - Creating MapperFactoryBean with name 'contractMapper' and 'com.smartproperty.mapper.ContractMapper' mapperInterface
2026-07-11 16:40:12 [main] DEBUG org.mybatis.spring.mapper.ClassPathMapperScanner - Enabling autowire by type for MapperFactoryBean with name 'contractMapper'.
2026-07-11 16:40:12 [main] DEBUG org.mybatis.spring.mapper.ClassPathMapperScanner - Creating MapperFactoryBean with name 'favoriteMapper' and 'com.smartproperty.mapper.FavoriteMapper' mapperInterface
2026-07-11 16:40:12 [main] DEBUG org.mybatis.spring.mapper.ClassPathMapperScanner - Enabling autowire by type for MapperFactoryBean with name 'favoriteMapper'.
2026-07-11 16:40:12 [main] DEBUG org.mybatis.spring.mapper.ClassPathMapperScanner - Creating MapperFactoryBean with name 'messageMapper' and 'com.smartproperty.mapper.MessageMapper' mapperInterface
2026-07-11 16:40:12 [main] DEBUG org.mybatis.spring.mapper.ClassPathMapperScanner - Enabling autowire by type for MapperFactoryBean with name 'messageMapper'.
2026-07-11 16:40:12 [main] DEBUG org.mybatis.spring.mapper.ClassPathMapperScanner - Creating MapperFactoryBean with name 'paymentRecordMapper' and 'com.smartproperty.mapper.PaymentRecordMapper' mapperInterface
2026-07-11 16:40:12 [main] DEBUG org.mybatis.spring.mapper.ClassPathMapperScanner - Enabling autowire by type for MapperFactoryBean with name 'paymentRecordMapper'.
2026-07-11 16:40:12 [main] DEBUG org.mybatis.spring.mapper.ClassPathMapperScanner - Creating MapperFactoryBean with name 'propertyMapper' and 'com.smartproperty.mapper.PropertyMapper' mapperInterface
2026-07-11 16:40:12 [main] DEBUG org.mybatis.spring.mapper.ClassPathMapperScanner - Enabling autowire by type for MapperFactoryBean with name 'propertyMapper'.
2026-07-11 16:40:12 [main] DEBUG org.mybatis.spring.mapper.ClassPathMapperScanner - Creating MapperFactoryBean with name 'transactionAttachmentMapper' and 'com.smartproperty.mapper.TransactionAttachmentMapper' mapperInterface
2026-07-11 16:40:12 [main] DEBUG org.mybatis.spring.mapper.ClassPathMapperScanner - Enabling autowire by type for MapperFactoryBean with name 'transactionAttachmentMapper'.
2026-07-11 16:40:12 [main] DEBUG org.mybatis.spring.mapper.ClassPathMapperScanner - Creating MapperFactoryBean with name 'transactionConversationMapper' and 'com.smartproperty.mapper.TransactionConversationMapper' mapperInterface
2026-07-11 16:40:12 [main] DEBUG org.mybatis.spring.mapper.ClassPathMapperScanner - Enabling autowire by type for MapperFactoryBean with name 'transactionConversationMapper'.
2026-07-11 16:40:12 [main] DEBUG org.mybatis.spring.mapper.ClassPathMapperScanner - Creating MapperFactoryBean with name 'transactionPaymentMapper' and 'com.smartproperty.mapper.TransactionPaymentMapper' mapperInterface
2026-07-11 16:40:12 [main] DEBUG org.mybatis.spring.mapper.ClassPathMapperScanner - Enabling autowire by type for MapperFactoryBean with name 'transactionPaymentMapper'.
2026-07-11 16:40:12 [main] DEBUG org.mybatis.spring.mapper.ClassPathMapperScanner - Creating MapperFactoryBean with name 'transactionProcessLogMapper' and 'com.smartproperty.mapper.TransactionProcessLogMapper' mapperInterface
2026-07-11 16:40:12 [main] DEBUG org.mybatis.spring.mapper.ClassPathMapperScanner - Enabling autowire by type for MapperFactoryBean with name 'transactionProcessLogMapper'.
2026-07-11 16:40:12 [main] DEBUG org.mybatis.spring.mapper.ClassPathMapperScanner - Creating MapperFactoryBean with name 'transactionStatisticsMapper' and 'com.smartproperty.mapper.TransactionStatisticsMapper' mapperInterface
2026-07-11 16:40:12 [main] DEBUG org.mybatis.spring.mapper.ClassPathMapperScanner - Enabling autowire by type for MapperFactoryBean with name 'transactionStatisticsMapper'.
2026-07-11 16:40:12 [main] DEBUG org.mybatis.spring.mapper.ClassPathMapperScanner - Creating MapperFactoryBean with name 'userBehaviorLogMapper' and 'com.smartproperty.mapper.UserBehaviorLogMapper' mapperInterface
2026-07-11 16:40:12 [main] DEBUG org.mybatis.spring.mapper.ClassPathMapperScanner - Enabling autowire by type for MapperFactoryBean with name 'userBehaviorLogMapper'.
2026-07-11 16:40:12 [main] DEBUG org.mybatis.spring.mapper.ClassPathMapperScanner - Creating MapperFactoryBean with name 'userMapper' and 'com.smartproperty.mapper.UserMapper' mapperInterface
2026-07-11 16:40:12 [main] DEBUG org.mybatis.spring.mapper.ClassPathMapperScanner - Enabling autowire by type for MapperFactoryBean with name 'userMapper'.
2026-07-11 16:40:12 [main] INFO  o.s.boot.web.embedded.tomcat.TomcatWebServer - Tomcat initialized with port(s): 8080 (http)
2026-07-11 16:40:12 [main] INFO  org.apache.catalina.core.StandardService - Starting service [Tomcat]
2026-07-11 16:40:12 [main] INFO  org.apache.catalina.core.StandardEngine - Starting Servlet engine: [Apache Tomcat/10.1.19]
2026-07-11 16:40:12 [main] INFO  o.a.c.c.ContainerBase.[Tomcat].[localhost].[/api] - Initializing Spring embedded WebApplicationContext
2026-07-11 16:40:12 [main] INFO  o.s.b.w.s.c.ServletWebServerApplicationContext - Root WebApplicationContext: initialization completed in 2488 ms
2026-07-11 16:40:13 [main] ERROR c.baomidou.mybatisplus.core.MybatisConfiguration - mapper[com.smartproperty.mapper.ContractMapper.selectByAppointmentId] is ignored, because it exists, maybe from xml file
2026-07-11 16:40:13 [main] ERROR c.baomidou.mybatisplus.core.MybatisConfiguration - mapper[com.smartproperty.mapper.PaymentRecordMapper.selectByAppointmentId] is ignored, because it exists, maybe from xml file
2026-07-11 16:40:13 [main] ERROR c.baomidou.mybatisplus.core.MybatisConfiguration - mapper[com.smartproperty.mapper.PaymentRecordMapper.selectByContractId] is ignored, because it exists, maybe from xml file
2026-07-11 16:40:13 [main] ERROR c.baomidou.mybatisplus.core.MybatisConfiguration - mapper[com.smartproperty.mapper.TransactionProcessLogMapper.selectByAppointmentAndStage] is ignored, because it exists, maybe from xml file
2026-07-11 16:40:13 [main] ERROR c.baomidou.mybatisplus.core.MybatisConfiguration - mapper[com.smartproperty.mapper.TransactionProcessLogMapper.selectByAppointmentId] is ignored, because it exists, maybe from xml file
2026-07-11 16:40:14 [main] WARN  o.s.b.a.s.s.UserDetailsServiceAutoConfiguration - 

Using generated security password: 853e1101-5d4c-4f8d-8552-207c07a1de2d

This generated password is for development use only. Your security configuration must be updated before running your application in production.

2026-07-11 16:40:14 [main] INFO  o.s.security.web.DefaultSecurityFilterChain - Will secure any request with [org.springframework.security.web.session.DisableEncodeUrlFilter@3a209918, org.springframework.security.web.context.request.async.WebAsyncManagerIntegrationFilter@2cae5fa7, org.springframework.security.web.context.SecurityContextHolderFilter@30036a18, org.springframework.security.web.header.HeaderWriterFilter@37c1cfa, org.springframework.web.filter.CorsFilter@34aa8b61, org.springframework.security.web.authentication.logout.LogoutFilter@1815577b, org.springframework.security.web.savedrequest.RequestCacheAwareFilter@1544ded3, org.springframework.security.web.servletapi.SecurityContextHolderAwareRequestFilter@119d4443, org.springframework.security.web.authentication.AnonymousAuthenticationFilter@6d7b001b, org.springframework.security.web.access.ExceptionTranslationFilter@23648d2d, org.springframework.security.web.access.intercept.AuthorizationFilter@3855d9b2]
2026-07-11 16:40:14 [main] INFO  o.s.boot.web.embedded.tomcat.TomcatWebServer - Tomcat started on port(s): 8080 (http) with context path '/api'
2026-07-11 16:40:14 [main] INFO  com.smartproperty.SmartPropertyApplication - Started SmartPropertyApplication in 5.832 seconds (process running for 7.371)
2026-07-11 16:41:14 [http-nio-8080-exec-1] INFO  o.a.c.c.ContainerBase.[Tomcat].[localhost].[/api] - Initializing Spring DispatcherServlet 'dispatcherServlet'
2026-07-11 16:41:14 [http-nio-8080-exec-1] INFO  org.springframework.web.servlet.DispatcherServlet - Initializing Servlet 'dispatcherServlet'
2026-07-11 16:41:14 [http-nio-8080-exec-1] INFO  org.springframework.web.servlet.DispatcherServlet - Completed initialization in 0 ms
2026-07-11 16:41:14 [http-nio-8080-exec-1] INFO  com.zaxxer.hikari.HikariDataSource - HikariPool-1 - Starting...
2026-07-11 16:41:14 [http-nio-8080-exec-1] INFO  com.zaxxer.hikari.pool.HikariPool - HikariPool-1 - Added connection com.mysql.cj.jdbc.ConnectionImpl@724c3de8
2026-07-11 16:41:14 [http-nio-8080-exec-1] INFO  com.zaxxer.hikari.HikariDataSource - HikariPool-1 - Start completed.
2026-07-11 16:43:22 [http-nio-8080-exec-6] INFO  com.smartproperty.controller.AIController - 用户 null 请求智能推荐，数量: 6
2026-07-11 16:43:22 [http-nio-8080-exec-6] INFO  com.smartproperty.service.impl.AIServiceImpl - 为用户 null 生成推荐，限制 6 条
2026-07-11 16:43:22 [http-nio-8080-exec-6] INFO  com.smartproperty.service.RecommendationService - 开始为用户 null 生成推荐，数量限制: 6
2026-07-11 16:43:22 [http-nio-8080-exec-6] INFO  com.smartproperty.service.RecommendationService - 用户未登录，返回热门房源推荐
2026-07-11 16:43:22 [http-nio-8080-exec-6] INFO  com.smartproperty.service.RecommendationService - 用户无历史数据，返回默认偏好
2026-07-11 16:43:22 [http-nio-8080-exec-6] INFO  com.smartproperty.service.RecommendationService - 候选房源数量: 200
2026-07-11 16:43:22 [http-nio-8080-exec-6] INFO  com.smartproperty.service.RecommendationService - 推荐生成完成，返回 6 个房源
2026-07-11 16:43:22 [http-nio-8080-exec-6] INFO  com.smartproperty.service.impl.AIServiceImpl - 推荐日志已保存，共 6 条
2026-07-11 16:43:22 [http-nio-8080-exec-6] INFO  com.smartproperty.controller.AIController - 推荐成功，返回 6 条房源
2026-07-11 16:44:10 [http-nio-8080-exec-2] INFO  com.smartproperty.controller.AIController - 用户 null 请求智能推荐，数量: 8
2026-07-11 16:44:10 [http-nio-8080-exec-2] INFO  com.smartproperty.service.impl.AIServiceImpl - 为用户 null 生成推荐，限制 8 条
2026-07-11 16:44:10 [http-nio-8080-exec-2] INFO  com.smartproperty.service.RecommendationService - 开始为用户 null 生成推荐，数量限制: 8
2026-07-11 16:44:10 [http-nio-8080-exec-2] INFO  com.smartproperty.service.RecommendationService - 用户未登录，返回热门房源推荐
2026-07-11 16:44:10 [http-nio-8080-exec-2] INFO  com.smartproperty.service.RecommendationService - 用户无历史数据，返回默认偏好
2026-07-11 16:44:10 [http-nio-8080-exec-2] INFO  com.smartproperty.service.RecommendationService - 候选房源数量: 200
2026-07-11 16:44:10 [http-nio-8080-exec-2] INFO  com.smartproperty.service.RecommendationService - 推荐生成完成，返回 8 个房源
2026-07-11 16:44:10 [http-nio-8080-exec-2] INFO  com.smartproperty.service.impl.AIServiceImpl - 推荐日志已保存，共 8 条
2026-07-11 16:44:10 [http-nio-8080-exec-2] INFO  com.smartproperty.controller.AIController - 推荐成功，返回 8 条房源
2026-07-11 16:46:47 [SpringApplicationShutdownHook] INFO  com.zaxxer.hikari.HikariDataSource - HikariPool-1 - Shutdown initiated...
2026-07-11 16:46:47 [SpringApplicationShutdownHook] INFO  com.zaxxer.hikari.HikariDataSource - HikariPool-1 - Shutdown completed.
2026-07-11 16:46:49 [main] INFO  com.smartproperty.SmartPropertyApplication - Starting SmartPropertyApplication using Java 25 with PID 9744 (C:\Users\34588\Desktop\ai租房test\ai-intelligent-rental-housing\code\ai租房系统\backend\target\classes started by 34588 in C:\Users\34588\Desktop\ai租房test\ai-intelligent-rental-housing\code\ai租房系统\backend)
2026-07-11 16:46:49 [main] DEBUG com.smartproperty.SmartPropertyApplication - Running with Spring Boot v3.1.9, Spring v6.0.17
2026-07-11 16:46:49 [main] INFO  com.smartproperty.SmartPropertyApplication - No active profile set, falling back to 1 default profile: "default"
2026-07-11 16:46:49 [main] DEBUG org.mybatis.spring.mapper.ClassPathMapperScanner - Identified candidate component class: file [C:\Users\34588\Desktop\ai租房test\ai-intelligent-rental-housing\code\ai租房系统\backend\target\classes\com\smartproperty\mapper\AIContentGenerationMapper.class]
2026-07-11 16:46:49 [main] DEBUG org.mybatis.spring.mapper.ClassPathMapperScanner - Identified candidate component class: file [C:\Users\34588\Desktop\ai租房test\ai-intelligent-rental-housing\code\ai租房系统\backend\target\classes\com\smartproperty\mapper\AIQAHistoryMapper.class]
2026-07-11 16:46:49 [main] DEBUG org.mybatis.spring.mapper.ClassPathMapperScanner - Identified candidate component class: file [C:\Users\34588\Desktop\ai租房test\ai-intelligent-rental-housing\code\ai租房系统\backend\target\classes\com\smartproperty\mapper\AIRecommendationLogMapper.class]
2026-07-11 16:46:49 [main] DEBUG org.mybatis.spring.mapper.ClassPathMapperScanner - Identified candidate component class: file [C:\Users\34588\Desktop\ai租房test\ai-intelligent-rental-housing\code\ai租房系统\backend\target\classes\com\smartproperty\mapper\AppointmentMapper.class]
2026-07-11 16:46:49 [main] DEBUG org.mybatis.spring.mapper.ClassPathMapperScanner - Identified candidate component class: file [C:\Users\34588\Desktop\ai租房test\ai-intelligent-rental-housing\code\ai租房系统\backend\target\classes\com\smartproperty\mapper\ContractMapper.class]
2026-07-11 16:46:49 [main] DEBUG org.mybatis.spring.mapper.ClassPathMapperScanner - Identified candidate component class: file [C:\Users\34588\Desktop\ai租房test\ai-intelligent-rental-housing\code\ai租房系统\backend\target\classes\com\smartproperty\mapper\FavoriteMapper.class]
2026-07-11 16:46:49 [main] DEBUG org.mybatis.spring.mapper.ClassPathMapperScanner - Identified candidate component class: file [C:\Users\34588\Desktop\ai租房test\ai-intelligent-rental-housing\code\ai租房系统\backend\target\classes\com\smartproperty\mapper\MessageMapper.class]
2026-07-11 16:46:49 [main] DEBUG org.mybatis.spring.mapper.ClassPathMapperScanner - Identified candidate component class: file [C:\Users\34588\Desktop\ai租房test\ai-intelligent-rental-housing\code\ai租房系统\backend\target\classes\com\smartproperty\mapper\PaymentRecordMapper.class]
2026-07-11 16:46:49 [main] DEBUG org.mybatis.spring.mapper.ClassPathMapperScanner - Identified candidate component class: file [C:\Users\34588\Desktop\ai租房test\ai-intelligent-rental-housing\code\ai租房系统\backend\target\classes\com\smartproperty\mapper\PropertyMapper.class]
2026-07-11 16:46:49 [main] DEBUG org.mybatis.spring.mapper.ClassPathMapperScanner - Identified candidate component class: file [C:\Users\34588\Desktop\ai租房test\ai-intelligent-rental-housing\code\ai租房系统\backend\target\classes\com\smartproperty\mapper\TransactionAttachmentMapper.class]
2026-07-11 16:46:49 [main] DEBUG org.mybatis.spring.mapper.ClassPathMapperScanner - Identified candidate component class: file [C:\Users\34588\Desktop\ai租房test\ai-intelligent-rental-housing\code\ai租房系统\backend\target\classes\com\smartproperty\mapper\TransactionConversationMapper.class]
2026-07-11 16:46:49 [main] DEBUG org.mybatis.spring.mapper.ClassPathMapperScanner - Identified candidate component class: file [C:\Users\34588\Desktop\ai租房test\ai-intelligent-rental-housing\code\ai租房系统\backend\target\classes\com\smartproperty\mapper\TransactionPaymentMapper.class]
2026-07-11 16:46:49 [main] DEBUG org.mybatis.spring.mapper.ClassPathMapperScanner - Identified candidate component class: file [C:\Users\34588\Desktop\ai租房test\ai-intelligent-rental-housing\code\ai租房系统\backend\target\classes\com\smartproperty\mapper\TransactionProcessLogMapper.class]
2026-07-11 16:46:49 [main] DEBUG org.mybatis.spring.mapper.ClassPathMapperScanner - Identified candidate component class: file [C:\Users\34588\Desktop\ai租房test\ai-intelligent-rental-housing\code\ai租房系统\backend\target\classes\com\smartproperty\mapper\TransactionStatisticsMapper.class]
2026-07-11 16:46:49 [main] DEBUG org.mybatis.spring.mapper.ClassPathMapperScanner - Identified candidate component class: file [C:\Users\34588\Desktop\ai租房test\ai-intelligent-rental-housing\code\ai租房系统\backend\target\classes\com\smartproperty\mapper\UserBehaviorLogMapper.class]
2026-07-11 16:46:49 [main] DEBUG org.mybatis.spring.mapper.ClassPathMapperScanner - Identified candidate component class: file [C:\Users\34588\Desktop\ai租房test\ai-intelligent-rental-housing\code\ai租房系统\backend\target\classes\com\smartproperty\mapper\UserMapper.class]
2026-07-11 16:46:49 [main] DEBUG org.mybatis.spring.mapper.ClassPathMapperScanner - Creating MapperFactoryBean with name 'AIContentGenerationMapper' and 'com.smartproperty.mapper.AIContentGenerationMapper' mapperInterface
2026-07-11 16:46:49 [main] DEBUG org.mybatis.spring.mapper.ClassPathMapperScanner - Enabling autowire by type for MapperFactoryBean with name 'AIContentGenerationMapper'.
2026-07-11 16:46:49 [main] DEBUG org.mybatis.spring.mapper.ClassPathMapperScanner - Creating MapperFactoryBean with name 'AIQAHistoryMapper' and 'com.smartproperty.mapper.AIQAHistoryMapper' mapperInterface
2026-07-11 16:46:49 [main] DEBUG org.mybatis.spring.mapper.ClassPathMapperScanner - Enabling autowire by type for MapperFactoryBean with name 'AIQAHistoryMapper'.
2026-07-11 16:46:49 [main] DEBUG org.mybatis.spring.mapper.ClassPathMapperScanner - Creating MapperFactoryBean with name 'AIRecommendationLogMapper' and 'com.smartproperty.mapper.AIRecommendationLogMapper' mapperInterface
2026-07-11 16:46:49 [main] DEBUG org.mybatis.spring.mapper.ClassPathMapperScanner - Enabling autowire by type for MapperFactoryBean with name 'AIRecommendationLogMapper'.
2026-07-11 16:46:49 [main] DEBUG org.mybatis.spring.mapper.ClassPathMapperScanner - Creating MapperFactoryBean with name 'appointmentMapper' and 'com.smartproperty.mapper.AppointmentMapper' mapperInterface
2026-07-11 16:46:49 [main] DEBUG org.mybatis.spring.mapper.ClassPathMapperScanner - Enabling autowire by type for MapperFactoryBean with name 'appointmentMapper'.
2026-07-11 16:46:49 [main] DEBUG org.mybatis.spring.mapper.ClassPathMapperScanner - Creating MapperFactoryBean with name 'contractMapper' and 'com.smartproperty.mapper.ContractMapper' mapperInterface
2026-07-11 16:46:49 [main] DEBUG org.mybatis.spring.mapper.ClassPathMapperScanner - Enabling autowire by type for MapperFactoryBean with name 'contractMapper'.
2026-07-11 16:46:49 [main] DEBUG org.mybatis.spring.mapper.ClassPathMapperScanner - Creating MapperFactoryBean with name 'favoriteMapper' and 'com.smartproperty.mapper.FavoriteMapper' mapperInterface
2026-07-11 16:46:49 [main] DEBUG org.mybatis.spring.mapper.ClassPathMapperScanner - Enabling autowire by type for MapperFactoryBean with name 'favoriteMapper'.
2026-07-11 16:46:49 [main] DEBUG org.mybatis.spring.mapper.ClassPathMapperScanner - Creating MapperFactoryBean with name 'messageMapper' and 'com.smartproperty.mapper.MessageMapper' mapperInterface
2026-07-11 16:46:49 [main] DEBUG org.mybatis.spring.mapper.ClassPathMapperScanner - Enabling autowire by type for MapperFactoryBean with name 'messageMapper'.
2026-07-11 16:46:49 [main] DEBUG org.mybatis.spring.mapper.ClassPathMapperScanner - Creating MapperFactoryBean with name 'paymentRecordMapper' and 'com.smartproperty.mapper.PaymentRecordMapper' mapperInterface
2026-07-11 16:46:49 [main] DEBUG org.mybatis.spring.mapper.ClassPathMapperScanner - Enabling autowire by type for MapperFactoryBean with name 'paymentRecordMapper'.
2026-07-11 16:46:49 [main] DEBUG org.mybatis.spring.mapper.ClassPathMapperScanner - Creating MapperFactoryBean with name 'propertyMapper' and 'com.smartproperty.mapper.PropertyMapper' mapperInterface
2026-07-11 16:46:49 [main] DEBUG org.mybatis.spring.mapper.ClassPathMapperScanner - Enabling autowire by type for MapperFactoryBean with name 'propertyMapper'.
2026-07-11 16:46:49 [main] DEBUG org.mybatis.spring.mapper.ClassPathMapperScanner - Creating MapperFactoryBean with name 'transactionAttachmentMapper' and 'com.smartproperty.mapper.TransactionAttachmentMapper' mapperInterface
2026-07-11 16:46:49 [main] DEBUG org.mybatis.spring.mapper.ClassPathMapperScanner - Enabling autowire by type for MapperFactoryBean with name 'transactionAttachmentMapper'.
2026-07-11 16:46:49 [main] DEBUG org.mybatis.spring.mapper.ClassPathMapperScanner - Creating MapperFactoryBean with name 'transactionConversationMapper' and 'com.smartproperty.mapper.TransactionConversationMapper' mapperInterface
2026-07-11 16:46:49 [main] DEBUG org.mybatis.spring.mapper.ClassPathMapperScanner - Enabling autowire by type for MapperFactoryBean with name 'transactionConversationMapper'.
2026-07-11 16:46:49 [main] DEBUG org.mybatis.spring.mapper.ClassPathMapperScanner - Creating MapperFactoryBean with name 'transactionPaymentMapper' and 'com.smartproperty.mapper.TransactionPaymentMapper' mapperInterface
2026-07-11 16:46:49 [main] DEBUG org.mybatis.spring.mapper.ClassPathMapperScanner - Enabling autowire by type for MapperFactoryBean with name 'transactionPaymentMapper'.
2026-07-11 16:46:49 [main] DEBUG org.mybatis.spring.mapper.ClassPathMapperScanner - Creating MapperFactoryBean with name 'transactionProcessLogMapper' and 'com.smartproperty.mapper.TransactionProcessLogMapper' mapperInterface
2026-07-11 16:46:49 [main] DEBUG org.mybatis.spring.mapper.ClassPathMapperScanner - Enabling autowire by type for MapperFactoryBean with name 'transactionProcessLogMapper'.
2026-07-11 16:46:49 [main] DEBUG org.mybatis.spring.mapper.ClassPathMapperScanner - Creating MapperFactoryBean with name 'transactionStatisticsMapper' and 'com.smartproperty.mapper.TransactionStatisticsMapper' mapperInterface
2026-07-11 16:46:49 [main] DEBUG org.mybatis.spring.mapper.ClassPathMapperScanner - Enabling autowire by type for MapperFactoryBean with name 'transactionStatisticsMapper'.
2026-07-11 16:46:49 [main] DEBUG org.mybatis.spring.mapper.ClassPathMapperScanner - Creating MapperFactoryBean with name 'userBehaviorLogMapper' and 'com.smartproperty.mapper.UserBehaviorLogMapper' mapperInterface
2026-07-11 16:46:49 [main] DEBUG org.mybatis.spring.mapper.ClassPathMapperScanner - Enabling autowire by type for MapperFactoryBean with name 'userBehaviorLogMapper'.
2026-07-11 16:46:49 [main] DEBUG org.mybatis.spring.mapper.ClassPathMapperScanner - Creating MapperFactoryBean with name 'userMapper' and 'com.smartproperty.mapper.UserMapper' mapperInterface
2026-07-11 16:46:49 [main] DEBUG org.mybatis.spring.mapper.ClassPathMapperScanner - Enabling autowire by type for MapperFactoryBean with name 'userMapper'.
2026-07-11 16:46:49 [main] INFO  o.s.boot.web.embedded.tomcat.TomcatWebServer - Tomcat initialized with port(s): 8080 (http)
2026-07-11 16:46:49 [main] INFO  org.apache.catalina.core.StandardService - Starting service [Tomcat]
2026-07-11 16:46:49 [main] INFO  org.apache.catalina.core.StandardEngine - Starting Servlet engine: [Apache Tomcat/10.1.19]
2026-07-11 16:46:50 [main] INFO  o.a.c.c.ContainerBase.[Tomcat].[localhost].[/api] - Initializing Spring embedded WebApplicationContext
2026-07-11 16:46:50 [main] INFO  o.s.b.w.s.c.ServletWebServerApplicationContext - Root WebApplicationContext: initialization completed in 924 ms
2026-07-11 16:46:50 [main] ERROR c.baomidou.mybatisplus.core.MybatisConfiguration - mapper[com.smartproperty.mapper.ContractMapper.selectByAppointmentId] is ignored, because it exists, maybe from xml file
2026-07-11 16:46:50 [main] ERROR c.baomidou.mybatisplus.core.MybatisConfiguration - mapper[com.smartproperty.mapper.PaymentRecordMapper.selectByAppointmentId] is ignored, because it exists, maybe from xml file
2026-07-11 16:46:50 [main] ERROR c.baomidou.mybatisplus.core.MybatisConfiguration - mapper[com.smartproperty.mapper.PaymentRecordMapper.selectByContractId] is ignored, because it exists, maybe from xml file
2026-07-11 16:46:50 [main] ERROR c.baomidou.mybatisplus.core.MybatisConfiguration - mapper[com.smartproperty.mapper.TransactionProcessLogMapper.selectByAppointmentId] is ignored, because it exists, maybe from xml file
2026-07-11 16:46:50 [main] ERROR c.baomidou.mybatisplus.core.MybatisConfiguration - mapper[com.smartproperty.mapper.TransactionProcessLogMapper.selectByAppointmentAndStage] is ignored, because it exists, maybe from xml file
2026-07-11 16:46:50 [main] WARN  o.s.b.a.s.s.UserDetailsServiceAutoConfiguration - 

Using generated security password: 133306b5-366f-44f6-aa25-edb68b00c182

This generated password is for development use only. Your security configuration must be updated before running your application in production.

2026-07-11 16:46:50 [main] INFO  o.s.security.web.DefaultSecurityFilterChain - Will secure any request with [org.springframework.security.web.session.DisableEncodeUrlFilter@40bd0f8, org.springframework.security.web.context.request.async.WebAsyncManagerIntegrationFilter@7eb27768, org.springframework.security.web.context.SecurityContextHolderFilter@2ee4706d, org.springframework.security.web.header.HeaderWriterFilter@60591e1b, org.springframework.web.filter.CorsFilter@6169be09, org.springframework.security.web.authentication.logout.LogoutFilter@3b5a19ed, org.springframework.security.web.savedrequest.RequestCacheAwareFilter@64279ab, org.springframework.security.web.servletapi.SecurityContextHolderAwareRequestFilter@4f2ac7e0, org.springframework.security.web.authentication.AnonymousAuthenticationFilter@5e3db14, org.springframework.security.web.access.ExceptionTranslationFilter@194012a2, org.springframework.security.web.access.intercept.AuthorizationFilter@5ca4dce5]
2026-07-11 16:46:51 [main] INFO  o.s.boot.web.embedded.tomcat.TomcatWebServer - Tomcat started on port(s): 8080 (http) with context path '/api'
2026-07-11 16:46:51 [main] INFO  com.smartproperty.SmartPropertyApplication - Started SmartPropertyApplication in 2.602 seconds (process running for 3.197)
2026-07-11 16:47:18 [http-nio-8080-exec-1] INFO  o.a.c.c.ContainerBase.[Tomcat].[localhost].[/api] - Initializing Spring DispatcherServlet 'dispatcherServlet'
2026-07-11 16:47:18 [http-nio-8080-exec-1] INFO  org.springframework.web.servlet.DispatcherServlet - Initializing Servlet 'dispatcherServlet'
2026-07-11 16:47:18 [http-nio-8080-exec-1] INFO  org.springframework.web.servlet.DispatcherServlet - Completed initialization in 16 ms
2026-07-11 16:47:18 [http-nio-8080-exec-1] INFO  com.zaxxer.hikari.HikariDataSource - HikariPool-1 - Starting...
2026-07-11 16:47:19 [http-nio-8080-exec-1] INFO  com.zaxxer.hikari.pool.HikariPool - HikariPool-1 - Added connection com.mysql.cj.jdbc.ConnectionImpl@4bf62903
2026-07-11 16:47:19 [http-nio-8080-exec-1] INFO  com.zaxxer.hikari.HikariDataSource - HikariPool-1 - Start completed.
2026-07-11 16:47:20 [http-nio-8080-exec-2] INFO  com.smartproperty.controller.AIController - 用户 4 请求智能推荐，数量: 8
2026-07-11 16:47:20 [http-nio-8080-exec-2] INFO  com.smartproperty.service.impl.AIServiceImpl - 为用户 4 生成推荐，限制 8 条
2026-07-11 16:47:20 [http-nio-8080-exec-2] INFO  com.smartproperty.service.RecommendationService - 开始为用户 4 生成推荐，数量限制: 8
2026-07-11 16:47:20 [http-nio-8080-exec-2] INFO  com.smartproperty.service.RecommendationService - 用户浏览历史: 50 条，收藏: 4 个
2026-07-11 16:47:20 [http-nio-8080-exec-2] INFO  com.smartproperty.service.RecommendationService - 用户偏好分析完成: 城市=成都, 区域=高明区, 类型=0, 交易类型=1, 价格=747172.00, 面积=133.52
2026-07-11 16:47:20 [http-nio-8080-exec-2] INFO  com.smartproperty.service.RecommendationService - 候选房源数量: 200
2026-07-11 16:47:20 [http-nio-8080-exec-2] INFO  com.smartproperty.service.RecommendationService - 推荐生成完成，返回 8 个房源
2026-07-11 16:47:20 [http-nio-8080-exec-2] INFO  com.smartproperty.service.impl.AIServiceImpl - 推荐日志已保存，共 8 条
2026-07-11 16:47:20 [http-nio-8080-exec-2] INFO  com.smartproperty.controller.AIController - 推荐成功，返回 8 条房源
2026-07-11 16:48:13 [http-nio-8080-exec-3] INFO  com.smartproperty.controller.AIController - 用户 null 请求智能推荐，数量: 6
2026-07-11 16:48:13 [http-nio-8080-exec-3] INFO  com.smartproperty.service.impl.AIServiceImpl - 为用户 null 生成推荐，限制 6 条
2026-07-11 16:48:13 [http-nio-8080-exec-3] INFO  com.smartproperty.service.RecommendationService - 开始为用户 null 生成推荐，数量限制: 6
2026-07-11 16:48:13 [http-nio-8080-exec-3] INFO  com.smartproperty.service.RecommendationService - 用户未登录，返回热门房源推荐
2026-07-11 16:48:13 [http-nio-8080-exec-3] INFO  com.smartproperty.service.RecommendationService - 用户无历史数据，返回默认偏好
2026-07-11 16:48:13 [http-nio-8080-exec-3] INFO  com.smartproperty.service.RecommendationService - 候选房源数量: 200
2026-07-11 16:48:13 [http-nio-8080-exec-3] INFO  com.smartproperty.service.RecommendationService - 推荐生成完成，返回 6 个房源
2026-07-11 16:48:13 [http-nio-8080-exec-3] INFO  com.smartproperty.service.impl.AIServiceImpl - 推荐日志已保存，共 6 条
2026-07-11 16:48:13 [http-nio-8080-exec-3] INFO  com.smartproperty.controller.AIController - 推荐成功，返回 6 条房源
2026-07-11 16:50:28 [http-nio-8080-exec-1] INFO  com.smartproperty.controller.AIController - 用户 null 请求智能推荐，数量: 8
2026-07-11 16:50:28 [http-nio-8080-exec-1] INFO  com.smartproperty.service.impl.AIServiceImpl - 为用户 null 生成推荐，限制 8 条
2026-07-11 16:50:28 [http-nio-8080-exec-1] INFO  com.smartproperty.service.RecommendationService - 开始为用户 null 生成推荐，数量限制: 8
2026-07-11 16:50:28 [http-nio-8080-exec-1] INFO  com.smartproperty.service.RecommendationService - 用户未登录，返回热门房源推荐
2026-07-11 16:50:28 [http-nio-8080-exec-1] INFO  com.smartproperty.service.RecommendationService - 用户无历史数据，返回默认偏好
2026-07-11 16:50:28 [http-nio-8080-exec-1] INFO  com.smartproperty.service.RecommendationService - 候选房源数量: 200
2026-07-11 16:50:28 [http-nio-8080-exec-1] INFO  com.smartproperty.service.RecommendationService - 推荐生成完成，返回 8 个房源
2026-07-11 16:50:28 [http-nio-8080-exec-1] INFO  com.smartproperty.service.impl.AIServiceImpl - 推荐日志已保存，共 8 条
2026-07-11 16:50:28 [http-nio-8080-exec-1] INFO  com.smartproperty.controller.AIController - 推荐成功，返回 8 条房源
2026-07-11 16:52:07 [http-nio-8080-exec-7] INFO  com.smartproperty.controller.AIController - 房东 2 请求生成文案，房源类型: 1, 交易类型: 1
2026-07-11 16:52:07 [http-nio-8080-exec-7] INFO  com.smartproperty.service.impl.AIServiceImpl - 房东 2 请求生成文案，房源标题: 1
2026-07-11 16:52:07 [http-nio-8080-exec-7] INFO  c.smartproperty.service.ContentGenerationService - 开始生成文案，房源标题: 1
2026-07-11 16:52:07 [http-nio-8080-exec-7] INFO  c.smartproperty.service.ContentGenerationService - 检测到有效 API key，优先调用 AI 大模型生成
2026-07-11 16:52:07 [http-nio-8080-exec-7] INFO  com.smartproperty.service.ZhipuAIClient - [火山方舟] 模型: ep-20260604113450-vfx5f, 请求体长度: 331
2026-07-11 16:52:13 [http-nio-8080-exec-7] INFO  com.smartproperty.service.ZhipuAIClient - AI 响应成功，回复长度: 75
2026-07-11 16:52:13 [http-nio-8080-exec-7] INFO  c.smartproperty.service.ContentGenerationService - AI生成简短文案成功，长度: 75
2026-07-11 16:52:13 [http-nio-8080-exec-7] INFO  com.smartproperty.service.ZhipuAIClient - [火山方舟] 模型: ep-20260604113450-vfx5f, 请求体长度: 392
2026-07-11 16:52:29 [http-nio-8080-exec-7] INFO  com.smartproperty.service.ZhipuAIClient - AI 响应成功，回复长度: 734
2026-07-11 16:52:29 [http-nio-8080-exec-7] INFO  c.smartproperty.service.ContentGenerationService - AI生成详细文案成功，长度: 734
2026-07-11 16:52:29 [http-nio-8080-exec-7] INFO  c.smartproperty.service.ContentGenerationService - 文案生成完成，耗时: 21632ms，简短版: 75字，详细版: 734字
2026-07-11 16:52:29 [http-nio-8080-exec-7] INFO  com.smartproperty.service.impl.AIServiceImpl - 文案生成记录已保存，ID: 13
2026-07-11 16:52:29 [http-nio-8080-exec-7] INFO  com.smartproperty.controller.AIController - 文案生成成功，生成ID: 13
2026-07-11 16:56:35 [http-nio-8080-exec-2] INFO  com.smartproperty.controller.AIController - 用户 null 请求智能推荐，数量: 8
2026-07-11 16:56:35 [http-nio-8080-exec-2] INFO  com.smartproperty.service.impl.AIServiceImpl - 为用户 null 生成推荐，限制 8 条
2026-07-11 16:56:35 [http-nio-8080-exec-2] INFO  com.smartproperty.service.RecommendationService - 开始为用户 null 生成推荐，数量限制: 8
2026-07-11 16:56:35 [http-nio-8080-exec-2] INFO  com.smartproperty.service.RecommendationService - 用户未登录，返回热门房源推荐
2026-07-11 16:56:35 [http-nio-8080-exec-2] INFO  com.smartproperty.service.RecommendationService - 用户无历史数据，返回默认偏好
2026-07-11 16:56:35 [http-nio-8080-exec-2] INFO  com.smartproperty.service.RecommendationService - 候选房源数量: 200
2026-07-11 16:56:35 [http-nio-8080-exec-2] INFO  com.smartproperty.service.RecommendationService - 推荐生成完成，返回 8 个房源
2026-07-11 16:56:35 [http-nio-8080-exec-2] INFO  com.smartproperty.service.impl.AIServiceImpl - 推荐日志已保存，共 8 条
2026-07-11 16:56:35 [http-nio-8080-exec-2] INFO  com.smartproperty.controller.AIController - 推荐成功，返回 8 条房源
2026-07-11 16:56:44 [http-nio-8080-exec-4] INFO  com.smartproperty.controller.AIController - 用户 4 请求智能推荐，数量: 8
2026-07-11 16:56:44 [http-nio-8080-exec-4] INFO  com.smartproperty.service.impl.AIServiceImpl - 为用户 4 生成推荐，限制 8 条
2026-07-11 16:56:44 [http-nio-8080-exec-4] INFO  com.smartproperty.service.RecommendationService - 开始为用户 4 生成推荐，数量限制: 8
2026-07-11 16:56:44 [http-nio-8080-exec-4] INFO  com.smartproperty.service.RecommendationService - 用户浏览历史: 50 条，收藏: 4 个
2026-07-11 16:56:44 [http-nio-8080-exec-4] INFO  com.smartproperty.service.RecommendationService - 用户偏好分析完成: 城市=成都, 区域=高明区, 类型=0, 交易类型=1, 价格=747172.00, 面积=133.52
2026-07-11 16:56:44 [http-nio-8080-exec-4] INFO  com.smartproperty.service.RecommendationService - 候选房源数量: 200
2026-07-11 16:56:44 [http-nio-8080-exec-4] INFO  com.smartproperty.service.RecommendationService - 推荐生成完成，返回 8 个房源
2026-07-11 16:56:44 [http-nio-8080-exec-4] INFO  com.smartproperty.service.impl.AIServiceImpl - 推荐日志已保存，共 8 条
2026-07-11 16:56:44 [http-nio-8080-exec-4] INFO  com.smartproperty.controller.AIController - 推荐成功，返回 8 条房源
2026-07-11 17:02:30 [task-1] DEBUG com.smartproperty.service.UserBehaviorService - 未登录用户浏览房源，不记录行为日志
2026-07-11 17:04:24 [task-2] DEBUG com.smartproperty.service.UserBehaviorService - 未登录用户浏览房源，不记录行为日志
2026-07-11 17:05:09 [http-nio-8080-exec-2] INFO  com.smartproperty.controller.AIController - 记录用户 4 行为: view 房源 6122
2026-07-11 17:05:09 [http-nio-8080-exec-2] INFO  com.smartproperty.service.impl.AIServiceImpl - 记录用户 4 行为: view 房源 6122
2026-07-11 17:05:09 [http-nio-8080-exec-2] INFO  com.smartproperty.service.impl.AIServiceImpl - 用户行为日志已保存
2026-07-11 17:05:09 [task-3] DEBUG com.smartproperty.service.UserBehaviorService - 未登录用户浏览房源，不记录行为日志
2026-07-11 17:05:09 [http-nio-8080-exec-4] INFO  com.smartproperty.controller.AIController - 记录用户 4 行为: view 房源 6122
2026-07-11 17:05:09 [http-nio-8080-exec-4] INFO  com.smartproperty.service.impl.AIServiceImpl - 记录用户 4 行为: view 房源 6122
2026-07-11 17:05:09 [http-nio-8080-exec-4] INFO  com.smartproperty.service.impl.AIServiceImpl - 用户行为日志已保存
2026-07-11 17:06:53 [task-4] DEBUG com.smartproperty.service.UserBehaviorService - 未登录用户浏览房源，不记录行为日志
2026-07-11 17:07:36 [http-nio-8080-exec-2] INFO  com.smartproperty.controller.AIController - 记录用户 4 行为: view 房源 6398
2026-07-11 17:07:36 [http-nio-8080-exec-2] INFO  com.smartproperty.service.impl.AIServiceImpl - 记录用户 4 行为: view 房源 6398
2026-07-11 17:07:36 [http-nio-8080-exec-2] INFO  com.smartproperty.service.impl.AIServiceImpl - 用户行为日志已保存
2026-07-11 17:07:36 [task-5] DEBUG com.smartproperty.service.UserBehaviorService - 未登录用户浏览房源，不记录行为日志
2026-07-11 17:07:36 [http-nio-8080-exec-4] INFO  com.smartproperty.controller.AIController - 记录用户 4 行为: view 房源 6398
2026-07-11 17:07:36 [http-nio-8080-exec-4] INFO  com.smartproperty.service.impl.AIServiceImpl - 记录用户 4 行为: view 房源 6398
2026-07-11 17:07:36 [http-nio-8080-exec-4] INFO  com.smartproperty.service.impl.AIServiceImpl - 用户行为日志已保存
2026-07-11 17:08:17 [http-nio-8080-exec-10] INFO  com.smartproperty.controller.AIController - 用户 4 请求智能推荐，数量: 8
2026-07-11 17:08:17 [http-nio-8080-exec-10] INFO  com.smartproperty.service.impl.AIServiceImpl - 为用户 4 生成推荐，限制 8 条
2026-07-11 17:08:17 [http-nio-8080-exec-10] INFO  com.smartproperty.service.RecommendationService - 开始为用户 4 生成推荐，数量限制: 8
2026-07-11 17:08:17 [http-nio-8080-exec-10] INFO  com.smartproperty.service.RecommendationService - 用户浏览历史: 50 条，收藏: 4 个
2026-07-11 17:08:17 [http-nio-8080-exec-10] INFO  com.smartproperty.service.RecommendationService - 用户偏好分析完成: 城市=成都, 区域=高明区, 类型=0, 交易类型=1, 价格=706884.12, 面积=131.99
2026-07-11 17:08:17 [http-nio-8080-exec-10] INFO  com.smartproperty.service.RecommendationService - 候选房源数量: 200
2026-07-11 17:08:17 [http-nio-8080-exec-10] INFO  com.smartproperty.service.RecommendationService - 推荐生成完成，返回 8 个房源
2026-07-11 17:08:17 [http-nio-8080-exec-10] INFO  com.smartproperty.service.impl.AIServiceImpl - 推荐日志已保存，共 8 条
2026-07-11 17:08:17 [http-nio-8080-exec-10] INFO  com.smartproperty.controller.AIController - 推荐成功，返回 8 条房源
2026-07-11 17:08:31 [task-6] DEBUG com.smartproperty.service.UserBehaviorService - 未登录用户浏览房源，不记录行为日志
2026-07-11 17:08:49 [task-7] DEBUG com.smartproperty.service.UserBehaviorService - 未登录用户浏览房源，不记录行为日志
2026-07-11 17:08:49 [http-nio-8080-exec-4] INFO  com.smartproperty.controller.AIController - 记录用户 4 行为: view 房源 6398
2026-07-11 17:08:49 [http-nio-8080-exec-4] INFO  com.smartproperty.service.impl.AIServiceImpl - 记录用户 4 行为: view 房源 6398
2026-07-11 17:08:49 [http-nio-8080-exec-4] INFO  com.smartproperty.service.impl.AIServiceImpl - 用户行为日志已保存
2026-07-11 17:25:04 [SpringApplicationShutdownHook] INFO  com.zaxxer.hikari.HikariDataSource - HikariPool-1 - Shutdown initiated...
2026-07-11 17:25:04 [SpringApplicationShutdownHook] INFO  com.zaxxer.hikari.HikariDataSource - HikariPool-1 - Shutdown completed.
2026-07-11 17:25:09 [main] INFO  com.smartproperty.SmartPropertyApplication - Starting SmartPropertyApplication using Java 25 with PID 19036 (C:\Users\34588\Desktop\ai租房test\ai-intelligent-rental-housing\code\ai租房系统\backend\target\classes started by 34588 in C:\Users\34588\Desktop\ai租房test\ai-intelligent-rental-housing\code\ai租房系统\backend)
2026-07-11 17:25:09 [main] DEBUG com.smartproperty.SmartPropertyApplication - Running with Spring Boot v3.1.9, Spring v6.0.17
2026-07-11 17:25:09 [main] INFO  com.smartproperty.SmartPropertyApplication - No active profile set, falling back to 1 default profile: "default"
2026-07-11 17:25:11 [main] DEBUG org.mybatis.spring.mapper.ClassPathMapperScanner - Identified candidate component class: file [C:\Users\34588\Desktop\ai租房test\ai-intelligent-rental-housing\code\ai租房系统\backend\target\classes\com\smartproperty\mapper\AIContentGenerationMapper.class]
2026-07-11 17:25:11 [main] DEBUG org.mybatis.spring.mapper.ClassPathMapperScanner - Identified candidate component class: file [C:\Users\34588\Desktop\ai租房test\ai-intelligent-rental-housing\code\ai租房系统\backend\target\classes\com\smartproperty\mapper\AIQAHistoryMapper.class]
2026-07-11 17:25:11 [main] DEBUG org.mybatis.spring.mapper.ClassPathMapperScanner - Identified candidate component class: file [C:\Users\34588\Desktop\ai租房test\ai-intelligent-rental-housing\code\ai租房系统\backend\target\classes\com\smartproperty\mapper\AIRecommendationLogMapper.class]
2026-07-11 17:25:11 [main] DEBUG org.mybatis.spring.mapper.ClassPathMapperScanner - Identified candidate component class: file [C:\Users\34588\Desktop\ai租房test\ai-intelligent-rental-housing\code\ai租房系统\backend\target\classes\com\smartproperty\mapper\AppointmentMapper.class]
2026-07-11 17:25:11 [main] DEBUG org.mybatis.spring.mapper.ClassPathMapperScanner - Identified candidate component class: file [C:\Users\34588\Desktop\ai租房test\ai-intelligent-rental-housing\code\ai租房系统\backend\target\classes\com\smartproperty\mapper\ContractMapper.class]
2026-07-11 17:25:11 [main] DEBUG org.mybatis.spring.mapper.ClassPathMapperScanner - Identified candidate component class: file [C:\Users\34588\Desktop\ai租房test\ai-intelligent-rental-housing\code\ai租房系统\backend\target\classes\com\smartproperty\mapper\FavoriteMapper.class]
2026-07-11 17:25:11 [main] DEBUG org.mybatis.spring.mapper.ClassPathMapperScanner - Identified candidate component class: file [C:\Users\34588\Desktop\ai租房test\ai-intelligent-rental-housing\code\ai租房系统\backend\target\classes\com\smartproperty\mapper\MessageMapper.class]
2026-07-11 17:25:11 [main] DEBUG org.mybatis.spring.mapper.ClassPathMapperScanner - Identified candidate component class: file [C:\Users\34588\Desktop\ai租房test\ai-intelligent-rental-housing\code\ai租房系统\backend\target\classes\com\smartproperty\mapper\PaymentRecordMapper.class]
2026-07-11 17:25:11 [main] DEBUG org.mybatis.spring.mapper.ClassPathMapperScanner - Identified candidate component class: file [C:\Users\34588\Desktop\ai租房test\ai-intelligent-rental-housing\code\ai租房系统\backend\target\classes\com\smartproperty\mapper\PropertyMapper.class]
2026-07-11 17:25:11 [main] DEBUG org.mybatis.spring.mapper.ClassPathMapperScanner - Identified candidate component class: file [C:\Users\34588\Desktop\ai租房test\ai-intelligent-rental-housing\code\ai租房系统\backend\target\classes\com\smartproperty\mapper\TransactionAttachmentMapper.class]
2026-07-11 17:25:11 [main] DEBUG org.mybatis.spring.mapper.ClassPathMapperScanner - Identified candidate component class: file [C:\Users\34588\Desktop\ai租房test\ai-intelligent-rental-housing\code\ai租房系统\backend\target\classes\com\smartproperty\mapper\TransactionConversationMapper.class]
2026-07-11 17:25:11 [main] DEBUG org.mybatis.spring.mapper.ClassPathMapperScanner - Identified candidate component class: file [C:\Users\34588\Desktop\ai租房test\ai-intelligent-rental-housing\code\ai租房系统\backend\target\classes\com\smartproperty\mapper\TransactionPaymentMapper.class]
2026-07-11 17:25:11 [main] DEBUG org.mybatis.spring.mapper.ClassPathMapperScanner - Identified candidate component class: file [C:\Users\34588\Desktop\ai租房test\ai-intelligent-rental-housing\code\ai租房系统\backend\target\classes\com\smartproperty\mapper\TransactionProcessLogMapper.class]
2026-07-11 17:25:11 [main] DEBUG org.mybatis.spring.mapper.ClassPathMapperScanner - Identified candidate component class: file [C:\Users\34588\Desktop\ai租房test\ai-intelligent-rental-housing\code\ai租房系统\backend\target\classes\com\smartproperty\mapper\TransactionStatisticsMapper.class]
2026-07-11 17:25:11 [main] DEBUG org.mybatis.spring.mapper.ClassPathMapperScanner - Identified candidate component class: file [C:\Users\34588\Desktop\ai租房test\ai-intelligent-rental-housing\code\ai租房系统\backend\target\classes\com\smartproperty\mapper\UserBehaviorLogMapper.class]
2026-07-11 17:25:11 [main] DEBUG org.mybatis.spring.mapper.ClassPathMapperScanner - Identified candidate component class: file [C:\Users\34588\Desktop\ai租房test\ai-intelligent-rental-housing\code\ai租房系统\backend\target\classes\com\smartproperty\mapper\UserMapper.class]
2026-07-11 17:25:11 [main] DEBUG org.mybatis.spring.mapper.ClassPathMapperScanner - Creating MapperFactoryBean with name 'AIContentGenerationMapper' and 'com.smartproperty.mapper.AIContentGenerationMapper' mapperInterface
2026-07-11 17:25:11 [main] DEBUG org.mybatis.spring.mapper.ClassPathMapperScanner - Enabling autowire by type for MapperFactoryBean with name 'AIContentGenerationMapper'.
2026-07-11 17:25:11 [main] DEBUG org.mybatis.spring.mapper.ClassPathMapperScanner - Creating MapperFactoryBean with name 'AIQAHistoryMapper' and 'com.smartproperty.mapper.AIQAHistoryMapper' mapperInterface
2026-07-11 17:25:11 [main] DEBUG org.mybatis.spring.mapper.ClassPathMapperScanner - Enabling autowire by type for MapperFactoryBean with name 'AIQAHistoryMapper'.
2026-07-11 17:25:11 [main] DEBUG org.mybatis.spring.mapper.ClassPathMapperScanner - Creating MapperFactoryBean with name 'AIRecommendationLogMapper' and 'com.smartproperty.mapper.AIRecommendationLogMapper' mapperInterface
2026-07-11 17:25:11 [main] DEBUG org.mybatis.spring.mapper.ClassPathMapperScanner - Enabling autowire by type for MapperFactoryBean with name 'AIRecommendationLogMapper'.
2026-07-11 17:25:11 [main] DEBUG org.mybatis.spring.mapper.ClassPathMapperScanner - Creating MapperFactoryBean with name 'appointmentMapper' and 'com.smartproperty.mapper.AppointmentMapper' mapperInterface
2026-07-11 17:25:11 [main] DEBUG org.mybatis.spring.mapper.ClassPathMapperScanner - Enabling autowire by type for MapperFactoryBean with name 'appointmentMapper'.
2026-07-11 17:25:11 [main] DEBUG org.mybatis.spring.mapper.ClassPathMapperScanner - Creating MapperFactoryBean with name 'contractMapper' and 'com.smartproperty.mapper.ContractMapper' mapperInterface
2026-07-11 17:25:11 [main] DEBUG org.mybatis.spring.mapper.ClassPathMapperScanner - Enabling autowire by type for MapperFactoryBean with name 'contractMapper'.
2026-07-11 17:25:11 [main] DEBUG org.mybatis.spring.mapper.ClassPathMapperScanner - Creating MapperFactoryBean with name 'favoriteMapper' and 'com.smartproperty.mapper.FavoriteMapper' mapperInterface
2026-07-11 17:25:11 [main] DEBUG org.mybatis.spring.mapper.ClassPathMapperScanner - Enabling autowire by type for MapperFactoryBean with name 'favoriteMapper'.
2026-07-11 17:25:11 [main] DEBUG org.mybatis.spring.mapper.ClassPathMapperScanner - Creating MapperFactoryBean with name 'messageMapper' and 'com.smartproperty.mapper.MessageMapper' mapperInterface
2026-07-11 17:25:11 [main] DEBUG org.mybatis.spring.mapper.ClassPathMapperScanner - Enabling autowire by type for MapperFactoryBean with name 'messageMapper'.
2026-07-11 17:25:11 [main] DEBUG org.mybatis.spring.mapper.ClassPathMapperScanner - Creating MapperFactoryBean with name 'paymentRecordMapper' and 'com.smartproperty.mapper.PaymentRecordMapper' mapperInterface
2026-07-11 17:25:11 [main] DEBUG org.mybatis.spring.mapper.ClassPathMapperScanner - Enabling autowire by type for MapperFactoryBean with name 'paymentRecordMapper'.
2026-07-11 17:25:11 [main] DEBUG org.mybatis.spring.mapper.ClassPathMapperScanner - Creating MapperFactoryBean with name 'propertyMapper' and 'com.smartproperty.mapper.PropertyMapper' mapperInterface
2026-07-11 17:25:11 [main] DEBUG org.mybatis.spring.mapper.ClassPathMapperScanner - Enabling autowire by type for MapperFactoryBean with name 'propertyMapper'.
2026-07-11 17:25:11 [main] DEBUG org.mybatis.spring.mapper.ClassPathMapperScanner - Creating MapperFactoryBean with name 'transactionAttachmentMapper' and 'com.smartproperty.mapper.TransactionAttachmentMapper' mapperInterface
2026-07-11 17:25:11 [main] DEBUG org.mybatis.spring.mapper.ClassPathMapperScanner - Enabling autowire by type for MapperFactoryBean with name 'transactionAttachmentMapper'.
2026-07-11 17:25:11 [main] DEBUG org.mybatis.spring.mapper.ClassPathMapperScanner - Creating MapperFactoryBean with name 'transactionConversationMapper' and 'com.smartproperty.mapper.TransactionConversationMapper' mapperInterface
2026-07-11 17:25:11 [main] DEBUG org.mybatis.spring.mapper.ClassPathMapperScanner - Enabling autowire by type for MapperFactoryBean with name 'transactionConversationMapper'.
2026-07-11 17:25:11 [main] DEBUG org.mybatis.spring.mapper.ClassPathMapperScanner - Creating MapperFactoryBean with name 'transactionPaymentMapper' and 'com.smartproperty.mapper.TransactionPaymentMapper' mapperInterface
2026-07-11 17:25:11 [main] DEBUG org.mybatis.spring.mapper.ClassPathMapperScanner - Enabling autowire by type for MapperFactoryBean with name 'transactionPaymentMapper'.
2026-07-11 17:25:11 [main] DEBUG org.mybatis.spring.mapper.ClassPathMapperScanner - Creating MapperFactoryBean with name 'transactionProcessLogMapper' and 'com.smartproperty.mapper.TransactionProcessLogMapper' mapperInterface
2026-07-11 17:25:11 [main] DEBUG org.mybatis.spring.mapper.ClassPathMapperScanner - Enabling autowire by type for MapperFactoryBean with name 'transactionProcessLogMapper'.
2026-07-11 17:25:11 [main] DEBUG org.mybatis.spring.mapper.ClassPathMapperScanner - Creating MapperFactoryBean with name 'transactionStatisticsMapper' and 'com.smartproperty.mapper.TransactionStatisticsMapper' mapperInterface
2026-07-11 17:25:11 [main] DEBUG org.mybatis.spring.mapper.ClassPathMapperScanner - Enabling autowire by type for MapperFactoryBean with name 'transactionStatisticsMapper'.
2026-07-11 17:25:11 [main] DEBUG org.mybatis.spring.mapper.ClassPathMapperScanner - Creating MapperFactoryBean with name 'userBehaviorLogMapper' and 'com.smartproperty.mapper.UserBehaviorLogMapper' mapperInterface
2026-07-11 17:25:11 [main] DEBUG org.mybatis.spring.mapper.ClassPathMapperScanner - Enabling autowire by type for MapperFactoryBean with name 'userBehaviorLogMapper'.
2026-07-11 17:25:11 [main] DEBUG org.mybatis.spring.mapper.ClassPathMapperScanner - Creating MapperFactoryBean with name 'userMapper' and 'com.smartproperty.mapper.UserMapper' mapperInterface
2026-07-11 17:25:11 [main] DEBUG org.mybatis.spring.mapper.ClassPathMapperScanner - Enabling autowire by type for MapperFactoryBean with name 'userMapper'.
2026-07-11 17:25:11 [main] INFO  o.s.boot.web.embedded.tomcat.TomcatWebServer - Tomcat initialized with port(s): 8080 (http)
2026-07-11 17:25:11 [main] INFO  org.apache.catalina.core.StandardService - Starting service [Tomcat]
2026-07-11 17:25:11 [main] INFO  org.apache.catalina.core.StandardEngine - Starting Servlet engine: [Apache Tomcat/10.1.19]
2026-07-11 17:25:11 [main] INFO  o.a.c.c.ContainerBase.[Tomcat].[localhost].[/api] - Initializing Spring embedded WebApplicationContext
2026-07-11 17:25:11 [main] INFO  o.s.b.w.s.c.ServletWebServerApplicationContext - Root WebApplicationContext: initialization completed in 2393 ms
2026-07-11 17:25:12 [main] ERROR c.baomidou.mybatisplus.core.MybatisConfiguration - mapper[com.smartproperty.mapper.ContractMapper.selectByAppointmentId] is ignored, because it exists, maybe from xml file
2026-07-11 17:25:12 [main] ERROR c.baomidou.mybatisplus.core.MybatisConfiguration - mapper[com.smartproperty.mapper.PaymentRecordMapper.selectByAppointmentId] is ignored, because it exists, maybe from xml file
2026-07-11 17:25:12 [main] ERROR c.baomidou.mybatisplus.core.MybatisConfiguration - mapper[com.smartproperty.mapper.PaymentRecordMapper.selectByContractId] is ignored, because it exists, maybe from xml file
2026-07-11 17:25:12 [main] ERROR c.baomidou.mybatisplus.core.MybatisConfiguration - mapper[com.smartproperty.mapper.TransactionProcessLogMapper.selectByAppointmentId] is ignored, because it exists, maybe from xml file
2026-07-11 17:25:12 [main] ERROR c.baomidou.mybatisplus.core.MybatisConfiguration - mapper[com.smartproperty.mapper.TransactionProcessLogMapper.selectByAppointmentAndStage] is ignored, because it exists, maybe from xml file
2026-07-11 17:25:12 [main] WARN  o.s.b.a.s.s.UserDetailsServiceAutoConfiguration - 

Using generated security password: 61aef19f-9ccc-47c5-b738-b3990e3d14cd

This generated password is for development use only. Your security configuration must be updated before running your application in production.

2026-07-11 17:25:12 [main] INFO  o.s.security.web.DefaultSecurityFilterChain - Will secure any request with [org.springframework.security.web.session.DisableEncodeUrlFilter@37d3e140, org.springframework.security.web.context.request.async.WebAsyncManagerIntegrationFilter@3e53c4ad, org.springframework.security.web.context.SecurityContextHolderFilter@77083e41, org.springframework.security.web.header.HeaderWriterFilter@70b48eb3, org.springframework.web.filter.CorsFilter@33eb0d4, org.springframework.security.web.authentication.logout.LogoutFilter@3ab595c8, org.springframework.security.web.savedrequest.RequestCacheAwareFilter@2d130ac4, org.springframework.security.web.servletapi.SecurityContextHolderAwareRequestFilter@60591e1b, org.springframework.security.web.authentication.AnonymousAuthenticationFilter@224d86d2, org.springframework.security.web.access.ExceptionTranslationFilter@7b6141f0, org.springframework.security.web.access.intercept.AuthorizationFilter@6b9c42bd]
2026-07-11 17:25:13 [main] INFO  o.s.boot.web.embedded.tomcat.TomcatWebServer - Tomcat started on port(s): 8080 (http) with context path '/api'
2026-07-11 17:25:13 [main] INFO  com.smartproperty.SmartPropertyApplication - Started SmartPropertyApplication in 4.008 seconds (process running for 4.574)
2026-07-11 17:25:22 [http-nio-8080-exec-3] INFO  o.a.c.c.ContainerBase.[Tomcat].[localhost].[/api] - Initializing Spring DispatcherServlet 'dispatcherServlet'
2026-07-11 17:25:22 [http-nio-8080-exec-3] INFO  org.springframework.web.servlet.DispatcherServlet - Initializing Servlet 'dispatcherServlet'
2026-07-11 17:25:22 [http-nio-8080-exec-3] INFO  org.springframework.web.servlet.DispatcherServlet - Completed initialization in 1 ms
2026-07-11 17:25:22 [http-nio-8080-exec-3] INFO  com.zaxxer.hikari.HikariDataSource - HikariPool-1 - Starting...
2026-07-11 17:25:22 [http-nio-8080-exec-3] INFO  com.zaxxer.hikari.pool.HikariPool - HikariPool-1 - Added connection com.mysql.cj.jdbc.ConnectionImpl@4e90b5b0
2026-07-11 17:25:22 [http-nio-8080-exec-3] INFO  com.zaxxer.hikari.HikariDataSource - HikariPool-1 - Start completed.
2026-07-11 17:58:57 [task-1] DEBUG com.smartproperty.service.UserBehaviorService - 未登录用户浏览房源，不记录行为日志
2026-07-11 17:58:57 [http-nio-8080-exec-5] INFO  com.smartproperty.controller.AIController - 记录用户 4 行为: view 房源 6398
2026-07-11 17:58:57 [http-nio-8080-exec-5] INFO  com.smartproperty.service.impl.AIServiceImpl - 记录用户 4 行为: view 房源 6398
2026-07-11 17:58:57 [http-nio-8080-exec-5] INFO  com.smartproperty.service.impl.AIServiceImpl - 用户行为日志已保存
2026-07-11 17:58:59 [http-nio-8080-exec-1] INFO  com.smartproperty.controller.AIController - 用户 4 请求智能推荐，数量: 6
2026-07-11 17:58:59 [http-nio-8080-exec-1] INFO  com.smartproperty.service.impl.AIServiceImpl - 为用户 4 生成推荐，限制 6 条
2026-07-11 17:58:59 [http-nio-8080-exec-1] INFO  com.smartproperty.service.RecommendationService - 开始为用户 4 生成推荐，数量限制: 6
2026-07-11 17:58:59 [http-nio-8080-exec-1] INFO  com.smartproperty.service.RecommendationService - 用户浏览历史: 50 条，收藏: 4 个
2026-07-11 17:58:59 [http-nio-8080-exec-1] INFO  com.smartproperty.service.RecommendationService - 用户偏好分析完成: 城市=成都, 区域=高明区, 类型=0, 交易类型=1, 价格=706884.12, 面积=131.99
2026-07-11 17:58:59 [http-nio-8080-exec-1] INFO  com.smartproperty.service.RecommendationService - 候选房源数量: 200
2026-07-11 17:58:59 [http-nio-8080-exec-1] INFO  com.smartproperty.service.RecommendationService - 推荐生成完成，返回 6 个房源
2026-07-11 17:59:00 [http-nio-8080-exec-1] INFO  com.smartproperty.service.impl.AIServiceImpl - 推荐日志已保存，共 6 条
2026-07-11 17:59:00 [http-nio-8080-exec-1] INFO  com.smartproperty.controller.AIController - 推荐成功，返回 6 条房源
2026-07-11 18:03:57 [http-nio-8080-exec-9] INFO  com.smartproperty.controller.AIController - 用户 4 请求智能推荐，数量: 8
2026-07-11 18:03:57 [http-nio-8080-exec-9] INFO  com.smartproperty.service.impl.AIServiceImpl - 为用户 4 生成推荐，限制 8 条
2026-07-11 18:03:57 [http-nio-8080-exec-9] INFO  com.smartproperty.service.RecommendationService - 开始为用户 4 生成推荐，数量限制: 8
2026-07-11 18:03:57 [http-nio-8080-exec-9] INFO  com.smartproperty.service.RecommendationService - 用户浏览历史: 50 条，收藏: 4 个
2026-07-11 18:03:57 [http-nio-8080-exec-9] INFO  com.smartproperty.service.RecommendationService - 用户偏好分析完成: 城市=成都, 区域=高明区, 类型=0, 交易类型=1, 价格=706884.12, 面积=131.99
2026-07-11 18:03:57 [http-nio-8080-exec-9] INFO  com.smartproperty.service.RecommendationService - 候选房源数量: 200
2026-07-11 18:03:57 [http-nio-8080-exec-9] INFO  com.smartproperty.service.RecommendationService - 推荐生成完成，返回 8 个房源
2026-07-11 18:03:57 [http-nio-8080-exec-9] INFO  com.smartproperty.service.impl.AIServiceImpl - 推荐日志已保存，共 8 条
2026-07-11 18:03:57 [http-nio-8080-exec-9] INFO  com.smartproperty.controller.AIController - 推荐成功，返回 8 条房源
2026-07-11 18:12:20 [SpringApplicationShutdownHook] INFO  com.zaxxer.hikari.HikariDataSource - HikariPool-1 - Shutdown initiated...
2026-07-11 18:12:20 [SpringApplicationShutdownHook] INFO  com.zaxxer.hikari.HikariDataSource - HikariPool-1 - Shutdown completed.
2026-07-11 18:12:24 [main] INFO  com.smartproperty.SmartPropertyApplication - Starting SmartPropertyApplication using Java 25 with PID 5336 (C:\Users\34588\Desktop\ai租房test\ai-intelligent-rental-housing\code\ai租房系统\backend\target\classes started by 34588 in C:\Users\34588\Desktop\ai租房test\ai-intelligent-rental-housing\code\ai租房系统\backend)
2026-07-11 18:12:24 [main] DEBUG com.smartproperty.SmartPropertyApplication - Running with Spring Boot v3.1.9, Spring v6.0.17
2026-07-11 18:12:24 [main] INFO  com.smartproperty.SmartPropertyApplication - No active profile set, falling back to 1 default profile: "default"
2026-07-11 18:12:25 [main] DEBUG org.mybatis.spring.mapper.ClassPathMapperScanner - Identified candidate component class: file [C:\Users\34588\Desktop\ai租房test\ai-intelligent-rental-housing\code\ai租房系统\backend\target\classes\com\smartproperty\mapper\AIContentGenerationMapper.class]
2026-07-11 18:12:25 [main] DEBUG org.mybatis.spring.mapper.ClassPathMapperScanner - Identified candidate component class: file [C:\Users\34588\Desktop\ai租房test\ai-intelligent-rental-housing\code\ai租房系统\backend\target\classes\com\smartproperty\mapper\AIQAHistoryMapper.class]
2026-07-11 18:12:25 [main] DEBUG org.mybatis.spring.mapper.ClassPathMapperScanner - Identified candidate component class: file [C:\Users\34588\Desktop\ai租房test\ai-intelligent-rental-housing\code\ai租房系统\backend\target\classes\com\smartproperty\mapper\AIRecommendationLogMapper.class]
2026-07-11 18:12:25 [main] DEBUG org.mybatis.spring.mapper.ClassPathMapperScanner - Identified candidate component class: file [C:\Users\34588\Desktop\ai租房test\ai-intelligent-rental-housing\code\ai租房系统\backend\target\classes\com\smartproperty\mapper\AppointmentMapper.class]
2026-07-11 18:12:25 [main] DEBUG org.mybatis.spring.mapper.ClassPathMapperScanner - Identified candidate component class: file [C:\Users\34588\Desktop\ai租房test\ai-intelligent-rental-housing\code\ai租房系统\backend\target\classes\com\smartproperty\mapper\ContractMapper.class]
2026-07-11 18:12:25 [main] DEBUG org.mybatis.spring.mapper.ClassPathMapperScanner - Identified candidate component class: file [C:\Users\34588\Desktop\ai租房test\ai-intelligent-rental-housing\code\ai租房系统\backend\target\classes\com\smartproperty\mapper\FavoriteMapper.class]
2026-07-11 18:12:25 [main] DEBUG org.mybatis.spring.mapper.ClassPathMapperScanner - Identified candidate component class: file [C:\Users\34588\Desktop\ai租房test\ai-intelligent-rental-housing\code\ai租房系统\backend\target\classes\com\smartproperty\mapper\MessageMapper.class]
2026-07-11 18:12:25 [main] DEBUG org.mybatis.spring.mapper.ClassPathMapperScanner - Identified candidate component class: file [C:\Users\34588\Desktop\ai租房test\ai-intelligent-rental-housing\code\ai租房系统\backend\target\classes\com\smartproperty\mapper\PaymentRecordMapper.class]
2026-07-11 18:12:25 [main] DEBUG org.mybatis.spring.mapper.ClassPathMapperScanner - Identified candidate component class: file [C:\Users\34588\Desktop\ai租房test\ai-intelligent-rental-housing\code\ai租房系统\backend\target\classes\com\smartproperty\mapper\PropertyMapper.class]
2026-07-11 18:12:25 [main] DEBUG org.mybatis.spring.mapper.ClassPathMapperScanner - Identified candidate component class: file [C:\Users\34588\Desktop\ai租房test\ai-intelligent-rental-housing\code\ai租房系统\backend\target\classes\com\smartproperty\mapper\TransactionAttachmentMapper.class]
2026-07-11 18:12:25 [main] DEBUG org.mybatis.spring.mapper.ClassPathMapperScanner - Identified candidate component class: file [C:\Users\34588\Desktop\ai租房test\ai-intelligent-rental-housing\code\ai租房系统\backend\target\classes\com\smartproperty\mapper\TransactionConversationMapper.class]
2026-07-11 18:12:25 [main] DEBUG org.mybatis.spring.mapper.ClassPathMapperScanner - Identified candidate component class: file [C:\Users\34588\Desktop\ai租房test\ai-intelligent-rental-housing\code\ai租房系统\backend\target\classes\com\smartproperty\mapper\TransactionPaymentMapper.class]
2026-07-11 18:12:25 [main] DEBUG org.mybatis.spring.mapper.ClassPathMapperScanner - Identified candidate component class: file [C:\Users\34588\Desktop\ai租房test\ai-intelligent-rental-housing\code\ai租房系统\backend\target\classes\com\smartproperty\mapper\TransactionProcessLogMapper.class]
2026-07-11 18:12:25 [main] DEBUG org.mybatis.spring.mapper.ClassPathMapperScanner - Identified candidate component class: file [C:\Users\34588\Desktop\ai租房test\ai-intelligent-rental-housing\code\ai租房系统\backend\target\classes\com\smartproperty\mapper\TransactionStatisticsMapper.class]
2026-07-11 18:12:25 [main] DEBUG org.mybatis.spring.mapper.ClassPathMapperScanner - Identified candidate component class: file [C:\Users\34588\Desktop\ai租房test\ai-intelligent-rental-housing\code\ai租房系统\backend\target\classes\com\smartproperty\mapper\UserBehaviorLogMapper.class]
2026-07-11 18:12:25 [main] DEBUG org.mybatis.spring.mapper.ClassPathMapperScanner - Identified candidate component class: file [C:\Users\34588\Desktop\ai租房test\ai-intelligent-rental-housing\code\ai租房系统\backend\target\classes\com\smartproperty\mapper\UserMapper.class]
2026-07-11 18:12:25 [main] DEBUG org.mybatis.spring.mapper.ClassPathMapperScanner - Creating MapperFactoryBean with name 'AIContentGenerationMapper' and 'com.smartproperty.mapper.AIContentGenerationMapper' mapperInterface
2026-07-11 18:12:25 [main] DEBUG org.mybatis.spring.mapper.ClassPathMapperScanner - Enabling autowire by type for MapperFactoryBean with name 'AIContentGenerationMapper'.
2026-07-11 18:12:25 [main] DEBUG org.mybatis.spring.mapper.ClassPathMapperScanner - Creating MapperFactoryBean with name 'AIQAHistoryMapper' and 'com.smartproperty.mapper.AIQAHistoryMapper' mapperInterface
2026-07-11 18:12:25 [main] DEBUG org.mybatis.spring.mapper.ClassPathMapperScanner - Enabling autowire by type for MapperFactoryBean with name 'AIQAHistoryMapper'.
2026-07-11 18:12:25 [main] DEBUG org.mybatis.spring.mapper.ClassPathMapperScanner - Creating MapperFactoryBean with name 'AIRecommendationLogMapper' and 'com.smartproperty.mapper.AIRecommendationLogMapper' mapperInterface
2026-07-11 18:12:25 [main] DEBUG org.mybatis.spring.mapper.ClassPathMapperScanner - Enabling autowire by type for MapperFactoryBean with name 'AIRecommendationLogMapper'.
2026-07-11 18:12:25 [main] DEBUG org.mybatis.spring.mapper.ClassPathMapperScanner - Creating MapperFactoryBean with name 'appointmentMapper' and 'com.smartproperty.mapper.AppointmentMapper' mapperInterface
2026-07-11 18:12:25 [main] DEBUG org.mybatis.spring.mapper.ClassPathMapperScanner - Enabling autowire by type for MapperFactoryBean with name 'appointmentMapper'.
2026-07-11 18:12:25 [main] DEBUG org.mybatis.spring.mapper.ClassPathMapperScanner - Creating MapperFactoryBean with name 'contractMapper' and 'com.smartproperty.mapper.ContractMapper' mapperInterface
2026-07-11 18:12:25 [main] DEBUG org.mybatis.spring.mapper.ClassPathMapperScanner - Enabling autowire by type for MapperFactoryBean with name 'contractMapper'.
2026-07-11 18:12:25 [main] DEBUG org.mybatis.spring.mapper.ClassPathMapperScanner - Creating MapperFactoryBean with name 'favoriteMapper' and 'com.smartproperty.mapper.FavoriteMapper' mapperInterface
2026-07-11 18:12:25 [main] DEBUG org.mybatis.spring.mapper.ClassPathMapperScanner - Enabling autowire by type for MapperFactoryBean with name 'favoriteMapper'.
2026-07-11 18:12:25 [main] DEBUG org.mybatis.spring.mapper.ClassPathMapperScanner - Creating MapperFactoryBean with name 'messageMapper' and 'com.smartproperty.mapper.MessageMapper' mapperInterface
2026-07-11 18:12:25 [main] DEBUG org.mybatis.spring.mapper.ClassPathMapperScanner - Enabling autowire by type for MapperFactoryBean with name 'messageMapper'.
2026-07-11 18:12:25 [main] DEBUG org.mybatis.spring.mapper.ClassPathMapperScanner - Creating MapperFactoryBean with name 'paymentRecordMapper' and 'com.smartproperty.mapper.PaymentRecordMapper' mapperInterface
2026-07-11 18:12:25 [main] DEBUG org.mybatis.spring.mapper.ClassPathMapperScanner - Enabling autowire by type for MapperFactoryBean with name 'paymentRecordMapper'.
2026-07-11 18:12:25 [main] DEBUG org.mybatis.spring.mapper.ClassPathMapperScanner - Creating MapperFactoryBean with name 'propertyMapper' and 'com.smartproperty.mapper.PropertyMapper' mapperInterface
2026-07-11 18:12:25 [main] DEBUG org.mybatis.spring.mapper.ClassPathMapperScanner - Enabling autowire by type for MapperFactoryBean with name 'propertyMapper'.
2026-07-11 18:12:25 [main] DEBUG org.mybatis.spring.mapper.ClassPathMapperScanner - Creating MapperFactoryBean with name 'transactionAttachmentMapper' and 'com.smartproperty.mapper.TransactionAttachmentMapper' mapperInterface
2026-07-11 18:12:25 [main] DEBUG org.mybatis.spring.mapper.ClassPathMapperScanner - Enabling autowire by type for MapperFactoryBean with name 'transactionAttachmentMapper'.
2026-07-11 18:12:25 [main] DEBUG org.mybatis.spring.mapper.ClassPathMapperScanner - Creating MapperFactoryBean with name 'transactionConversationMapper' and 'com.smartproperty.mapper.TransactionConversationMapper' mapperInterface
2026-07-11 18:12:25 [main] DEBUG org.mybatis.spring.mapper.ClassPathMapperScanner - Enabling autowire by type for MapperFactoryBean with name 'transactionConversationMapper'.
2026-07-11 18:12:25 [main] DEBUG org.mybatis.spring.mapper.ClassPathMapperScanner - Creating MapperFactoryBean with name 'transactionPaymentMapper' and 'com.smartproperty.mapper.TransactionPaymentMapper' mapperInterface
2026-07-11 18:12:25 [main] DEBUG org.mybatis.spring.mapper.ClassPathMapperScanner - Enabling autowire by type for MapperFactoryBean with name 'transactionPaymentMapper'.
2026-07-11 18:12:25 [main] DEBUG org.mybatis.spring.mapper.ClassPathMapperScanner - Creating MapperFactoryBean with name 'transactionProcessLogMapper' and 'com.smartproperty.mapper.TransactionProcessLogMapper' mapperInterface
2026-07-11 18:12:25 [main] DEBUG org.mybatis.spring.mapper.ClassPathMapperScanner - Enabling autowire by type for MapperFactoryBean with name 'transactionProcessLogMapper'.
2026-07-11 18:12:25 [main] DEBUG org.mybatis.spring.mapper.ClassPathMapperScanner - Creating MapperFactoryBean with name 'transactionStatisticsMapper' and 'com.smartproperty.mapper.TransactionStatisticsMapper' mapperInterface
2026-07-11 18:12:25 [main] DEBUG org.mybatis.spring.mapper.ClassPathMapperScanner - Enabling autowire by type for MapperFactoryBean with name 'transactionStatisticsMapper'.
2026-07-11 18:12:25 [main] DEBUG org.mybatis.spring.mapper.ClassPathMapperScanner - Creating MapperFactoryBean with name 'userBehaviorLogMapper' and 'com.smartproperty.mapper.UserBehaviorLogMapper' mapperInterface
2026-07-11 18:12:25 [main] DEBUG org.mybatis.spring.mapper.ClassPathMapperScanner - Enabling autowire by type for MapperFactoryBean with name 'userBehaviorLogMapper'.
2026-07-11 18:12:25 [main] DEBUG org.mybatis.spring.mapper.ClassPathMapperScanner - Creating MapperFactoryBean with name 'userMapper' and 'com.smartproperty.mapper.UserMapper' mapperInterface
2026-07-11 18:12:25 [main] DEBUG org.mybatis.spring.mapper.ClassPathMapperScanner - Enabling autowire by type for MapperFactoryBean with name 'userMapper'.
2026-07-11 18:12:25 [main] INFO  o.s.boot.web.embedded.tomcat.TomcatWebServer - Tomcat initialized with port(s): 8080 (http)
2026-07-11 18:12:25 [main] INFO  org.apache.catalina.core.StandardService - Starting service [Tomcat]
2026-07-11 18:12:25 [main] INFO  org.apache.catalina.core.StandardEngine - Starting Servlet engine: [Apache Tomcat/10.1.19]
2026-07-11 18:12:25 [main] INFO  o.a.c.c.ContainerBase.[Tomcat].[localhost].[/api] - Initializing Spring embedded WebApplicationContext
2026-07-11 18:12:25 [main] INFO  o.s.b.w.s.c.ServletWebServerApplicationContext - Root WebApplicationContext: initialization completed in 947 ms
2026-07-11 18:12:26 [main] ERROR c.baomidou.mybatisplus.core.MybatisConfiguration - mapper[com.smartproperty.mapper.ContractMapper.selectByAppointmentId] is ignored, because it exists, maybe from xml file
2026-07-11 18:12:26 [main] ERROR c.baomidou.mybatisplus.core.MybatisConfiguration - mapper[com.smartproperty.mapper.PaymentRecordMapper.selectByAppointmentId] is ignored, because it exists, maybe from xml file
2026-07-11 18:12:26 [main] ERROR c.baomidou.mybatisplus.core.MybatisConfiguration - mapper[com.smartproperty.mapper.PaymentRecordMapper.selectByContractId] is ignored, because it exists, maybe from xml file
2026-07-11 18:12:26 [main] ERROR c.baomidou.mybatisplus.core.MybatisConfiguration - mapper[com.smartproperty.mapper.TransactionProcessLogMapper.selectByAppointmentId] is ignored, because it exists, maybe from xml file
2026-07-11 18:12:26 [main] ERROR c.baomidou.mybatisplus.core.MybatisConfiguration - mapper[com.smartproperty.mapper.TransactionProcessLogMapper.selectByAppointmentAndStage] is ignored, because it exists, maybe from xml file
2026-07-11 18:12:26 [main] WARN  o.s.b.a.s.s.UserDetailsServiceAutoConfiguration - 

Using generated security password: 22d6bfaf-f38c-4103-90f8-be8bcf77f2f3

This generated password is for development use only. Your security configuration must be updated before running your application in production.

2026-07-11 18:12:26 [main] INFO  o.s.security.web.DefaultSecurityFilterChain - Will secure any request with [org.springframework.security.web.session.DisableEncodeUrlFilter@34aa8b61, org.springframework.security.web.context.request.async.WebAsyncManagerIntegrationFilter@6d7b001b, org.springframework.security.web.context.SecurityContextHolderFilter@1544ded3, org.springframework.security.web.header.HeaderWriterFilter@2cc75b25, org.springframework.web.filter.CorsFilter@532dacf5, org.springframework.security.web.authentication.logout.LogoutFilter@71369e1a, org.springframework.security.web.savedrequest.RequestCacheAwareFilter@28b458e6, org.springframework.security.web.servletapi.SecurityContextHolderAwareRequestFilter@7d47dfed, org.springframework.security.web.authentication.AnonymousAuthenticationFilter@da09250, org.springframework.security.web.access.ExceptionTranslationFilter@37c1cfa, org.springframework.security.web.access.intercept.AuthorizationFilter@47a3d56a]
2026-07-11 18:12:26 [main] INFO  o.s.boot.web.embedded.tomcat.TomcatWebServer - Tomcat started on port(s): 8080 (http) with context path '/api'
2026-07-11 18:12:26 [main] INFO  com.smartproperty.SmartPropertyApplication - Started SmartPropertyApplication in 2.498 seconds (process running for 2.966)
2026-07-11 18:12:36 [http-nio-8080-exec-1] INFO  o.a.c.c.ContainerBase.[Tomcat].[localhost].[/api] - Initializing Spring DispatcherServlet 'dispatcherServlet'
2026-07-11 18:12:36 [http-nio-8080-exec-1] INFO  org.springframework.web.servlet.DispatcherServlet - Initializing Servlet 'dispatcherServlet'
2026-07-11 18:12:36 [http-nio-8080-exec-1] INFO  org.springframework.web.servlet.DispatcherServlet - Completed initialization in 1 ms
2026-07-11 18:12:36 [http-nio-8080-exec-1] INFO  com.zaxxer.hikari.HikariDataSource - HikariPool-1 - Starting...
2026-07-11 18:12:37 [http-nio-8080-exec-1] INFO  com.zaxxer.hikari.pool.HikariPool - HikariPool-1 - Added connection com.mysql.cj.jdbc.ConnectionImpl@1950aebe
2026-07-11 18:12:37 [http-nio-8080-exec-1] INFO  com.zaxxer.hikari.HikariDataSource - HikariPool-1 - Start completed.
2026-07-11 18:51:34 [http-nio-8080-exec-8] INFO  com.smartproperty.controller.AIController - 用户 4 请求智能推荐，数量: 8
2026-07-11 18:51:34 [http-nio-8080-exec-8] INFO  com.smartproperty.service.impl.AIServiceImpl - 为用户 4 生成推荐，限制 8 条
2026-07-11 18:51:34 [http-nio-8080-exec-8] INFO  com.smartproperty.service.RecommendationService - 开始为用户 4 生成推荐，数量限制: 8
2026-07-11 18:51:34 [http-nio-8080-exec-8] INFO  com.smartproperty.service.RecommendationService - 用户浏览历史: 50 条，收藏: 4 个
2026-07-11 18:51:34 [http-nio-8080-exec-8] INFO  com.smartproperty.service.RecommendationService - 用户偏好分析完成: 城市=成都, 区域=高明区, 类型=0, 交易类型=1, 价格=706884.12, 面积=131.99
2026-07-11 18:51:34 [http-nio-8080-exec-8] INFO  com.smartproperty.service.RecommendationService - 候选房源数量: 200
2026-07-11 18:51:34 [http-nio-8080-exec-8] INFO  com.smartproperty.service.RecommendationService - 推荐生成完成，返回 8 个房源
2026-07-11 18:51:34 [http-nio-8080-exec-8] INFO  com.smartproperty.service.impl.AIServiceImpl - 推荐日志已保存，共 8 条
2026-07-11 18:51:34 [http-nio-8080-exec-8] INFO  com.smartproperty.controller.AIController - 推荐成功，返回 8 条房源
2026-07-11 18:54:59 [http-nio-8080-exec-9] INFO  com.smartproperty.controller.AIController - 用户 null 请求智能推荐，数量: 6
2026-07-11 18:54:59 [http-nio-8080-exec-9] INFO  com.smartproperty.service.impl.AIServiceImpl - 为用户 null 生成推荐，限制 6 条
2026-07-11 18:54:59 [http-nio-8080-exec-9] INFO  com.smartproperty.service.RecommendationService - 开始为用户 null 生成推荐，数量限制: 6
2026-07-11 18:54:59 [http-nio-8080-exec-9] INFO  com.smartproperty.service.RecommendationService - 用户未登录，返回热门房源推荐
2026-07-11 18:54:59 [http-nio-8080-exec-9] INFO  com.smartproperty.service.RecommendationService - 用户无历史数据，返回默认偏好
2026-07-11 18:54:59 [http-nio-8080-exec-9] INFO  com.smartproperty.service.RecommendationService - 候选房源数量: 200
2026-07-11 18:54:59 [http-nio-8080-exec-9] INFO  com.smartproperty.service.RecommendationService - 推荐生成完成，返回 6 个房源
2026-07-11 18:54:59 [http-nio-8080-exec-9] INFO  com.smartproperty.service.impl.AIServiceImpl - 推荐日志已保存，共 6 条
2026-07-11 18:54:59 [http-nio-8080-exec-9] INFO  com.smartproperty.controller.AIController - 推荐成功，返回 6 条房源
2026-07-11 18:56:54 [http-nio-8080-exec-4] INFO  com.smartproperty.controller.AIController - 用户 null 请求智能推荐，数量: 8
2026-07-11 18:56:54 [http-nio-8080-exec-4] INFO  com.smartproperty.service.impl.AIServiceImpl - 为用户 null 生成推荐，限制 8 条
2026-07-11 18:56:54 [http-nio-8080-exec-4] INFO  com.smartproperty.service.RecommendationService - 开始为用户 null 生成推荐，数量限制: 8
2026-07-11 18:56:54 [http-nio-8080-exec-4] INFO  com.smartproperty.service.RecommendationService - 用户未登录，返回热门房源推荐
2026-07-11 18:56:54 [http-nio-8080-exec-4] INFO  com.smartproperty.service.RecommendationService - 用户无历史数据，返回默认偏好
2026-07-11 18:56:54 [http-nio-8080-exec-4] INFO  com.smartproperty.service.RecommendationService - 候选房源数量: 200
2026-07-11 18:56:54 [http-nio-8080-exec-4] INFO  com.smartproperty.service.RecommendationService - 推荐生成完成，返回 8 个房源
2026-07-11 18:56:54 [http-nio-8080-exec-4] INFO  com.smartproperty.service.impl.AIServiceImpl - 推荐日志已保存，共 8 条
2026-07-11 18:56:54 [http-nio-8080-exec-4] INFO  com.smartproperty.controller.AIController - 推荐成功，返回 8 条房源
2026-07-11 18:57:59 [http-nio-8080-exec-8] INFO  com.smartproperty.controller.AIController - 用户 3 提问: 南宁买房哪个地段好
2026-07-11 18:57:59 [http-nio-8080-exec-8] INFO  com.smartproperty.service.impl.AIServiceImpl - 用户 3 提问: 南宁买房哪个地段好
2026-07-11 18:57:59 [http-nio-8080-exec-8] INFO  com.smartproperty.service.QAService - 收到问题: 南宁买房哪个地段好
2026-07-11 18:57:59 [http-nio-8080-exec-8] INFO  com.smartproperty.service.ZhipuAIClient - [火山方舟] 模型: ep-20260604113450-vfx5f, 请求体长度: 356
2026-07-11 18:58:17 [http-nio-8080-exec-8] INFO  com.smartproperty.service.ZhipuAIClient - AI 响应成功，回复长度: 968
2026-07-11 18:58:17 [http-nio-8080-exec-8] INFO  com.smartproperty.service.QAService - 外部 AI 回答成功，长度: 968
2026-07-11 18:58:17 [http-nio-8080-exec-8] INFO  com.smartproperty.service.impl.AIServiceImpl - 问答历史已保存，ID: 50
2026-07-11 18:58:17 [http-nio-8080-exec-8] INFO  com.smartproperty.controller.AIController - AI回答成功，问题类型: buy
2026-07-11 18:58:29 [http-nio-8080-exec-6] INFO  com.smartproperty.controller.AIController - 用户 null 请求智能推荐，数量: 8
2026-07-11 18:58:29 [http-nio-8080-exec-6] INFO  com.smartproperty.service.impl.AIServiceImpl - 为用户 null 生成推荐，限制 8 条
2026-07-11 18:58:29 [http-nio-8080-exec-6] INFO  com.smartproperty.service.RecommendationService - 开始为用户 null 生成推荐，数量限制: 8
2026-07-11 18:58:29 [http-nio-8080-exec-6] INFO  com.smartproperty.service.RecommendationService - 用户未登录，返回热门房源推荐
2026-07-11 18:58:29 [http-nio-8080-exec-6] INFO  com.smartproperty.service.RecommendationService - 用户无历史数据，返回默认偏好
2026-07-11 18:58:29 [http-nio-8080-exec-6] INFO  com.smartproperty.service.RecommendationService - 候选房源数量: 200
2026-07-11 18:58:29 [http-nio-8080-exec-6] INFO  com.smartproperty.service.RecommendationService - 推荐生成完成，返回 8 个房源
2026-07-11 18:58:29 [http-nio-8080-exec-6] INFO  com.smartproperty.service.impl.AIServiceImpl - 推荐日志已保存，共 8 条
2026-07-11 18:58:29 [http-nio-8080-exec-6] INFO  com.smartproperty.controller.AIController - 推荐成功，返回 8 条房源
2026-07-11 18:59:25 [http-nio-8080-exec-4] INFO  com.smartproperty.controller.AIController - 用户 3 提问: 南宁买房需要注意什么
2026-07-11 18:59:25 [http-nio-8080-exec-4] INFO  com.smartproperty.service.impl.AIServiceImpl - 用户 3 提问: 南宁买房需要注意什么
2026-07-11 18:59:25 [http-nio-8080-exec-4] INFO  com.smartproperty.service.QAService - 收到问题: 南宁买房需要注意什么
2026-07-11 18:59:25 [http-nio-8080-exec-4] INFO  com.smartproperty.service.ZhipuAIClient - [火山方舟] 模型: ep-20260604113450-vfx5f, 请求体长度: 357
2026-07-11 18:59:39 [http-nio-8080-exec-4] INFO  com.smartproperty.service.ZhipuAIClient - AI 响应成功，回复长度: 773
2026-07-11 18:59:39 [http-nio-8080-exec-4] INFO  com.smartproperty.service.QAService - 外部 AI 回答成功，长度: 773
2026-07-11 18:59:39 [http-nio-8080-exec-4] INFO  com.smartproperty.service.impl.AIServiceImpl - 问答历史已保存，ID: 51
2026-07-11 18:59:39 [http-nio-8080-exec-4] INFO  com.smartproperty.controller.AIController - AI回答成功，问题类型: buy
2026-07-11 19:06:38 [http-nio-8080-exec-10] INFO  com.smartproperty.controller.AIController - 用户 3 提问: 买房注意事项？
2026-07-11 19:06:38 [http-nio-8080-exec-10] INFO  com.smartproperty.service.impl.AIServiceImpl - 用户 3 提问: 买房注意事项？
2026-07-11 19:06:38 [http-nio-8080-exec-10] INFO  com.smartproperty.service.QAService - 收到问题: 买房注意事项？
2026-07-11 19:06:38 [http-nio-8080-exec-10] INFO  com.smartproperty.service.ZhipuAIClient - [火山方舟] 模型: ep-20260604113450-vfx5f, 请求体长度: 354
2026-07-11 19:06:52 [http-nio-8080-exec-10] INFO  com.smartproperty.service.ZhipuAIClient - AI 响应成功，回复长度: 765
2026-07-11 19:06:52 [http-nio-8080-exec-10] INFO  com.smartproperty.service.QAService - 外部 AI 回答成功，长度: 765
2026-07-11 19:06:52 [http-nio-8080-exec-10] INFO  com.smartproperty.service.impl.AIServiceImpl - 问答历史已保存，ID: 52
2026-07-11 19:06:52 [http-nio-8080-exec-10] INFO  com.smartproperty.controller.AIController - AI回答成功，问题类型: buy
2026-07-11 19:10:34 [http-nio-8080-exec-1] INFO  com.smartproperty.controller.AIController - 用户 3 提问: 南宁租房多少钱合适
2026-07-11 19:10:34 [http-nio-8080-exec-1] INFO  com.smartproperty.service.impl.AIServiceImpl - 用户 3 提问: 南宁租房多少钱合适
2026-07-11 19:10:34 [http-nio-8080-exec-1] INFO  com.smartproperty.service.QAService - 收到问题: 南宁租房多少钱合适
2026-07-11 19:10:34 [http-nio-8080-exec-1] INFO  com.smartproperty.service.ZhipuAIClient - [火山方舟] 模型: ep-20260604113450-vfx5f, 请求体长度: 356
2026-07-11 19:10:49 [http-nio-8080-exec-1] INFO  com.smartproperty.service.ZhipuAIClient - AI 响应成功，回复长度: 856
2026-07-11 19:10:49 [http-nio-8080-exec-1] INFO  com.smartproperty.service.QAService - 外部 AI 回答成功，长度: 856
2026-07-11 19:10:49 [http-nio-8080-exec-1] INFO  com.smartproperty.service.impl.AIServiceImpl - 问答历史已保存，ID: 53
2026-07-11 19:10:49 [http-nio-8080-exec-1] INFO  com.smartproperty.controller.AIController - AI回答成功，问题类型: rent
2026-07-11 19:21:43 [SpringApplicationShutdownHook] INFO  com.zaxxer.hikari.HikariDataSource - HikariPool-1 - Shutdown initiated...
2026-07-11 19:21:43 [SpringApplicationShutdownHook] INFO  com.zaxxer.hikari.HikariDataSource - HikariPool-1 - Shutdown completed.
2026-07-11 19:21:48 [main] INFO  com.smartproperty.SmartPropertyApplication - Starting SmartPropertyApplication using Java 25 with PID 21740 (C:\Users\34588\Desktop\ai租房test\ai-intelligent-rental-housing\code\ai租房系统\backend\target\classes started by 34588 in C:\Users\34588\Desktop\ai租房test\ai-intelligent-rental-housing\code\ai租房系统\backend)
2026-07-11 19:21:48 [main] DEBUG com.smartproperty.SmartPropertyApplication - Running with Spring Boot v3.1.9, Spring v6.0.17
2026-07-11 19:21:48 [main] INFO  com.smartproperty.SmartPropertyApplication - No active profile set, falling back to 1 default profile: "default"
2026-07-11 19:21:49 [main] DEBUG org.mybatis.spring.mapper.ClassPathMapperScanner - Identified candidate component class: file [C:\Users\34588\Desktop\ai租房test\ai-intelligent-rental-housing\code\ai租房系统\backend\target\classes\com\smartproperty\mapper\AIContentGenerationMapper.class]
2026-07-11 19:21:49 [main] DEBUG org.mybatis.spring.mapper.ClassPathMapperScanner - Identified candidate component class: file [C:\Users\34588\Desktop\ai租房test\ai-intelligent-rental-housing\code\ai租房系统\backend\target\classes\com\smartproperty\mapper\AIQAHistoryMapper.class]
2026-07-11 19:21:49 [main] DEBUG org.mybatis.spring.mapper.ClassPathMapperScanner - Identified candidate component class: file [C:\Users\34588\Desktop\ai租房test\ai-intelligent-rental-housing\code\ai租房系统\backend\target\classes\com\smartproperty\mapper\AIRecommendationLogMapper.class]
2026-07-11 19:21:49 [main] DEBUG org.mybatis.spring.mapper.ClassPathMapperScanner - Identified candidate component class: file [C:\Users\34588\Desktop\ai租房test\ai-intelligent-rental-housing\code\ai租房系统\backend\target\classes\com\smartproperty\mapper\AppointmentMapper.class]
2026-07-11 19:21:49 [main] DEBUG org.mybatis.spring.mapper.ClassPathMapperScanner - Identified candidate component class: file [C:\Users\34588\Desktop\ai租房test\ai-intelligent-rental-housing\code\ai租房系统\backend\target\classes\com\smartproperty\mapper\ContractMapper.class]
2026-07-11 19:21:49 [main] DEBUG org.mybatis.spring.mapper.ClassPathMapperScanner - Identified candidate component class: file [C:\Users\34588\Desktop\ai租房test\ai-intelligent-rental-housing\code\ai租房系统\backend\target\classes\com\smartproperty\mapper\FavoriteMapper.class]
2026-07-11 19:21:49 [main] DEBUG org.mybatis.spring.mapper.ClassPathMapperScanner - Identified candidate component class: file [C:\Users\34588\Desktop\ai租房test\ai-intelligent-rental-housing\code\ai租房系统\backend\target\classes\com\smartproperty\mapper\MessageMapper.class]
2026-07-11 19:21:49 [main] DEBUG org.mybatis.spring.mapper.ClassPathMapperScanner - Identified candidate component class: file [C:\Users\34588\Desktop\ai租房test\ai-intelligent-rental-housing\code\ai租房系统\backend\target\classes\com\smartproperty\mapper\PaymentRecordMapper.class]
2026-07-11 19:21:49 [main] DEBUG org.mybatis.spring.mapper.ClassPathMapperScanner - Identified candidate component class: file [C:\Users\34588\Desktop\ai租房test\ai-intelligent-rental-housing\code\ai租房系统\backend\target\classes\com\smartproperty\mapper\PropertyMapper.class]
2026-07-11 19:21:49 [main] DEBUG org.mybatis.spring.mapper.ClassPathMapperScanner - Identified candidate component class: file [C:\Users\34588\Desktop\ai租房test\ai-intelligent-rental-housing\code\ai租房系统\backend\target\classes\com\smartproperty\mapper\TransactionAttachmentMapper.class]
2026-07-11 19:21:49 [main] DEBUG org.mybatis.spring.mapper.ClassPathMapperScanner - Identified candidate component class: file [C:\Users\34588\Desktop\ai租房test\ai-intelligent-rental-housing\code\ai租房系统\backend\target\classes\com\smartproperty\mapper\TransactionConversationMapper.class]
2026-07-11 19:21:49 [main] DEBUG org.mybatis.spring.mapper.ClassPathMapperScanner - Identified candidate component class: file [C:\Users\34588\Desktop\ai租房test\ai-intelligent-rental-housing\code\ai租房系统\backend\target\classes\com\smartproperty\mapper\TransactionPaymentMapper.class]
2026-07-11 19:21:49 [main] DEBUG org.mybatis.spring.mapper.ClassPathMapperScanner - Identified candidate component class: file [C:\Users\34588\Desktop\ai租房test\ai-intelligent-rental-housing\code\ai租房系统\backend\target\classes\com\smartproperty\mapper\TransactionProcessLogMapper.class]
2026-07-11 19:21:49 [main] DEBUG org.mybatis.spring.mapper.ClassPathMapperScanner - Identified candidate component class: file [C:\Users\34588\Desktop\ai租房test\ai-intelligent-rental-housing\code\ai租房系统\backend\target\classes\com\smartproperty\mapper\TransactionStatisticsMapper.class]
2026-07-11 19:21:49 [main] DEBUG org.mybatis.spring.mapper.ClassPathMapperScanner - Identified candidate component class: file [C:\Users\34588\Desktop\ai租房test\ai-intelligent-rental-housing\code\ai租房系统\backend\target\classes\com\smartproperty\mapper\UserBehaviorLogMapper.class]
2026-07-11 19:21:49 [main] DEBUG org.mybatis.spring.mapper.ClassPathMapperScanner - Identified candidate component class: file [C:\Users\34588\Desktop\ai租房test\ai-intelligent-rental-housing\code\ai租房系统\backend\target\classes\com\smartproperty\mapper\UserMapper.class]
2026-07-11 19:21:49 [main] DEBUG org.mybatis.spring.mapper.ClassPathMapperScanner - Creating MapperFactoryBean with name 'AIContentGenerationMapper' and 'com.smartproperty.mapper.AIContentGenerationMapper' mapperInterface
2026-07-11 19:21:49 [main] DEBUG org.mybatis.spring.mapper.ClassPathMapperScanner - Enabling autowire by type for MapperFactoryBean with name 'AIContentGenerationMapper'.
2026-07-11 19:21:49 [main] DEBUG org.mybatis.spring.mapper.ClassPathMapperScanner - Creating MapperFactoryBean with name 'AIQAHistoryMapper' and 'com.smartproperty.mapper.AIQAHistoryMapper' mapperInterface
2026-07-11 19:21:49 [main] DEBUG org.mybatis.spring.mapper.ClassPathMapperScanner - Enabling autowire by type for MapperFactoryBean with name 'AIQAHistoryMapper'.
2026-07-11 19:21:49 [main] DEBUG org.mybatis.spring.mapper.ClassPathMapperScanner - Creating MapperFactoryBean with name 'AIRecommendationLogMapper' and 'com.smartproperty.mapper.AIRecommendationLogMapper' mapperInterface
2026-07-11 19:21:49 [main] DEBUG org.mybatis.spring.mapper.ClassPathMapperScanner - Enabling autowire by type for MapperFactoryBean with name 'AIRecommendationLogMapper'.
2026-07-11 19:21:49 [main] DEBUG org.mybatis.spring.mapper.ClassPathMapperScanner - Creating MapperFactoryBean with name 'appointmentMapper' and 'com.smartproperty.mapper.AppointmentMapper' mapperInterface
2026-07-11 19:21:49 [main] DEBUG org.mybatis.spring.mapper.ClassPathMapperScanner - Enabling autowire by type for MapperFactoryBean with name 'appointmentMapper'.
2026-07-11 19:21:49 [main] DEBUG org.mybatis.spring.mapper.ClassPathMapperScanner - Creating MapperFactoryBean with name 'contractMapper' and 'com.smartproperty.mapper.ContractMapper' mapperInterface
2026-07-11 19:21:49 [main] DEBUG org.mybatis.spring.mapper.ClassPathMapperScanner - Enabling autowire by type for MapperFactoryBean with name 'contractMapper'.
2026-07-11 19:21:49 [main] DEBUG org.mybatis.spring.mapper.ClassPathMapperScanner - Creating MapperFactoryBean with name 'favoriteMapper' and 'com.smartproperty.mapper.FavoriteMapper' mapperInterface
2026-07-11 19:21:49 [main] DEBUG org.mybatis.spring.mapper.ClassPathMapperScanner - Enabling autowire by type for MapperFactoryBean with name 'favoriteMapper'.
2026-07-11 19:21:49 [main] DEBUG org.mybatis.spring.mapper.ClassPathMapperScanner - Creating MapperFactoryBean with name 'messageMapper' and 'com.smartproperty.mapper.MessageMapper' mapperInterface
2026-07-11 19:21:49 [main] DEBUG org.mybatis.spring.mapper.ClassPathMapperScanner - Enabling autowire by type for MapperFactoryBean with name 'messageMapper'.
2026-07-11 19:21:49 [main] DEBUG org.mybatis.spring.mapper.ClassPathMapperScanner - Creating MapperFactoryBean with name 'paymentRecordMapper' and 'com.smartproperty.mapper.PaymentRecordMapper' mapperInterface
2026-07-11 19:21:49 [main] DEBUG org.mybatis.spring.mapper.ClassPathMapperScanner - Enabling autowire by type for MapperFactoryBean with name 'paymentRecordMapper'.
2026-07-11 19:21:49 [main] DEBUG org.mybatis.spring.mapper.ClassPathMapperScanner - Creating MapperFactoryBean with name 'propertyMapper' and 'com.smartproperty.mapper.PropertyMapper' mapperInterface
2026-07-11 19:21:49 [main] DEBUG org.mybatis.spring.mapper.ClassPathMapperScanner - Enabling autowire by type for MapperFactoryBean with name 'propertyMapper'.
2026-07-11 19:21:49 [main] DEBUG org.mybatis.spring.mapper.ClassPathMapperScanner - Creating MapperFactoryBean with name 'transactionAttachmentMapper' and 'com.smartproperty.mapper.TransactionAttachmentMapper' mapperInterface
2026-07-11 19:21:49 [main] DEBUG org.mybatis.spring.mapper.ClassPathMapperScanner - Enabling autowire by type for MapperFactoryBean with name 'transactionAttachmentMapper'.
2026-07-11 19:21:49 [main] DEBUG org.mybatis.spring.mapper.ClassPathMapperScanner - Creating MapperFactoryBean with name 'transactionConversationMapper' and 'com.smartproperty.mapper.TransactionConversationMapper' mapperInterface
2026-07-11 19:21:49 [main] DEBUG org.mybatis.spring.mapper.ClassPathMapperScanner - Enabling autowire by type for MapperFactoryBean with name 'transactionConversationMapper'.
2026-07-11 19:21:49 [main] DEBUG org.mybatis.spring.mapper.ClassPathMapperScanner - Creating MapperFactoryBean with name 'transactionPaymentMapper' and 'com.smartproperty.mapper.TransactionPaymentMapper' mapperInterface
2026-07-11 19:21:49 [main] DEBUG org.mybatis.spring.mapper.ClassPathMapperScanner - Enabling autowire by type for MapperFactoryBean with name 'transactionPaymentMapper'.
2026-07-11 19:21:49 [main] DEBUG org.mybatis.spring.mapper.ClassPathMapperScanner - Creating MapperFactoryBean with name 'transactionProcessLogMapper' and 'com.smartproperty.mapper.TransactionProcessLogMapper' mapperInterface
2026-07-11 19:21:49 [main] DEBUG org.mybatis.spring.mapper.ClassPathMapperScanner - Enabling autowire by type for MapperFactoryBean with name 'transactionProcessLogMapper'.
2026-07-11 19:21:49 [main] DEBUG org.mybatis.spring.mapper.ClassPathMapperScanner - Creating MapperFactoryBean with name 'transactionStatisticsMapper' and 'com.smartproperty.mapper.TransactionStatisticsMapper' mapperInterface
2026-07-11 19:21:49 [main] DEBUG org.mybatis.spring.mapper.ClassPathMapperScanner - Enabling autowire by type for MapperFactoryBean with name 'transactionStatisticsMapper'.
2026-07-11 19:21:49 [main] DEBUG org.mybatis.spring.mapper.ClassPathMapperScanner - Creating MapperFactoryBean with name 'userBehaviorLogMapper' and 'com.smartproperty.mapper.UserBehaviorLogMapper' mapperInterface
2026-07-11 19:21:49 [main] DEBUG org.mybatis.spring.mapper.ClassPathMapperScanner - Enabling autowire by type for MapperFactoryBean with name 'userBehaviorLogMapper'.
2026-07-11 19:21:49 [main] DEBUG org.mybatis.spring.mapper.ClassPathMapperScanner - Creating MapperFactoryBean with name 'userMapper' and 'com.smartproperty.mapper.UserMapper' mapperInterface
2026-07-11 19:21:49 [main] DEBUG org.mybatis.spring.mapper.ClassPathMapperScanner - Enabling autowire by type for MapperFactoryBean with name 'userMapper'.
2026-07-11 19:21:49 [main] INFO  o.s.boot.web.embedded.tomcat.TomcatWebServer - Tomcat initialized with port(s): 8080 (http)
2026-07-11 19:21:49 [main] INFO  org.apache.catalina.core.StandardService - Starting service [Tomcat]
2026-07-11 19:21:49 [main] INFO  org.apache.catalina.core.StandardEngine - Starting Servlet engine: [Apache Tomcat/10.1.19]
2026-07-11 19:21:49 [main] INFO  o.a.c.c.ContainerBase.[Tomcat].[localhost].[/api] - Initializing Spring embedded WebApplicationContext
2026-07-11 19:21:49 [main] INFO  o.s.b.w.s.c.ServletWebServerApplicationContext - Root WebApplicationContext: initialization completed in 1066 ms
2026-07-11 19:21:49 [main] ERROR c.baomidou.mybatisplus.core.MybatisConfiguration - mapper[com.smartproperty.mapper.ContractMapper.selectByAppointmentId] is ignored, because it exists, maybe from xml file
2026-07-11 19:21:49 [main] ERROR c.baomidou.mybatisplus.core.MybatisConfiguration - mapper[com.smartproperty.mapper.PaymentRecordMapper.selectByAppointmentId] is ignored, because it exists, maybe from xml file
2026-07-11 19:21:49 [main] ERROR c.baomidou.mybatisplus.core.MybatisConfiguration - mapper[com.smartproperty.mapper.PaymentRecordMapper.selectByContractId] is ignored, because it exists, maybe from xml file
2026-07-11 19:21:50 [main] ERROR c.baomidou.mybatisplus.core.MybatisConfiguration - mapper[com.smartproperty.mapper.TransactionProcessLogMapper.selectByAppointmentId] is ignored, because it exists, maybe from xml file
2026-07-11 19:21:50 [main] ERROR c.baomidou.mybatisplus.core.MybatisConfiguration - mapper[com.smartproperty.mapper.TransactionProcessLogMapper.selectByAppointmentAndStage] is ignored, because it exists, maybe from xml file
2026-07-11 19:21:50 [main] WARN  o.s.b.a.s.s.UserDetailsServiceAutoConfiguration - 

Using generated security password: 2ee8073b-13f3-4956-93c9-b2b17a221d48

This generated password is for development use only. Your security configuration must be updated before running your application in production.

2026-07-11 19:21:50 [main] INFO  o.s.security.web.DefaultSecurityFilterChain - Will secure any request with [org.springframework.security.web.session.DisableEncodeUrlFilter@5faeeb56, org.springframework.security.web.context.request.async.WebAsyncManagerIntegrationFilter@5396eeb1, org.springframework.security.web.context.SecurityContextHolderFilter@175c5c3a, org.springframework.security.web.header.HeaderWriterFilter@3a788fe0, org.springframework.web.filter.CorsFilter@279126f5, org.springframework.security.web.authentication.logout.LogoutFilter@2e952845, org.springframework.security.web.savedrequest.RequestCacheAwareFilter@451e2fa9, org.springframework.security.web.servletapi.SecurityContextHolderAwareRequestFilter@4fb64a52, org.springframework.security.web.authentication.AnonymousAuthenticationFilter@7781263c, org.springframework.security.web.access.ExceptionTranslationFilter@3f5dfe69, org.springframework.security.web.access.intercept.AuthorizationFilter@2365ea38]
2026-07-11 19:21:50 [main] INFO  o.s.boot.web.embedded.tomcat.TomcatWebServer - Tomcat started on port(s): 8080 (http) with context path '/api'
2026-07-11 19:21:50 [main] INFO  com.smartproperty.SmartPropertyApplication - Started SmartPropertyApplication in 2.766 seconds (process running for 3.342)
2026-07-11 19:22:02 [http-nio-8080-exec-2] INFO  o.a.c.c.ContainerBase.[Tomcat].[localhost].[/api] - Initializing Spring DispatcherServlet 'dispatcherServlet'
2026-07-11 19:22:02 [http-nio-8080-exec-2] INFO  org.springframework.web.servlet.DispatcherServlet - Initializing Servlet 'dispatcherServlet'
2026-07-11 19:22:02 [http-nio-8080-exec-2] INFO  org.springframework.web.servlet.DispatcherServlet - Completed initialization in 1 ms
2026-07-11 19:22:02 [http-nio-8080-exec-2] INFO  com.zaxxer.hikari.HikariDataSource - HikariPool-1 - Starting...
2026-07-11 19:22:03 [http-nio-8080-exec-2] INFO  com.zaxxer.hikari.pool.HikariPool - HikariPool-1 - Added connection com.mysql.cj.jdbc.ConnectionImpl@494bfb0e
2026-07-11 19:22:03 [http-nio-8080-exec-2] INFO  com.zaxxer.hikari.HikariDataSource - HikariPool-1 - Start completed.
2026-07-11 19:25:44 [SpringApplicationShutdownHook] INFO  com.zaxxer.hikari.HikariDataSource - HikariPool-1 - Shutdown initiated...
2026-07-11 19:25:44 [SpringApplicationShutdownHook] INFO  com.zaxxer.hikari.HikariDataSource - HikariPool-1 - Shutdown completed.
2026-07-11 19:25:46 [main] INFO  com.smartproperty.SmartPropertyApplication - Starting SmartPropertyApplication using Java 25 with PID 25128 (C:\Users\34588\Desktop\ai租房test\ai-intelligent-rental-housing\code\ai租房系统\backend\target\classes started by 34588 in C:\Users\34588\Desktop\ai租房test\ai-intelligent-rental-housing\code\ai租房系统\backend)
2026-07-11 19:25:46 [main] DEBUG com.smartproperty.SmartPropertyApplication - Running with Spring Boot v3.1.9, Spring v6.0.17
2026-07-11 19:25:46 [main] INFO  com.smartproperty.SmartPropertyApplication - No active profile set, falling back to 1 default profile: "default"
2026-07-11 19:25:46 [main] DEBUG org.mybatis.spring.mapper.ClassPathMapperScanner - Identified candidate component class: file [C:\Users\34588\Desktop\ai租房test\ai-intelligent-rental-housing\code\ai租房系统\backend\target\classes\com\smartproperty\mapper\AIContentGenerationMapper.class]
2026-07-11 19:25:46 [main] DEBUG org.mybatis.spring.mapper.ClassPathMapperScanner - Identified candidate component class: file [C:\Users\34588\Desktop\ai租房test\ai-intelligent-rental-housing\code\ai租房系统\backend\target\classes\com\smartproperty\mapper\AIQAHistoryMapper.class]
2026-07-11 19:25:46 [main] DEBUG org.mybatis.spring.mapper.ClassPathMapperScanner - Identified candidate component class: file [C:\Users\34588\Desktop\ai租房test\ai-intelligent-rental-housing\code\ai租房系统\backend\target\classes\com\smartproperty\mapper\AIRecommendationLogMapper.class]
2026-07-11 19:25:46 [main] DEBUG org.mybatis.spring.mapper.ClassPathMapperScanner - Identified candidate component class: file [C:\Users\34588\Desktop\ai租房test\ai-intelligent-rental-housing\code\ai租房系统\backend\target\classes\com\smartproperty\mapper\AppointmentMapper.class]
2026-07-11 19:25:46 [main] DEBUG org.mybatis.spring.mapper.ClassPathMapperScanner - Identified candidate component class: file [C:\Users\34588\Desktop\ai租房test\ai-intelligent-rental-housing\code\ai租房系统\backend\target\classes\com\smartproperty\mapper\ContractMapper.class]
2026-07-11 19:25:46 [main] DEBUG org.mybatis.spring.mapper.ClassPathMapperScanner - Identified candidate component class: file [C:\Users\34588\Desktop\ai租房test\ai-intelligent-rental-housing\code\ai租房系统\backend\target\classes\com\smartproperty\mapper\FavoriteMapper.class]
2026-07-11 19:25:46 [main] DEBUG org.mybatis.spring.mapper.ClassPathMapperScanner - Identified candidate component class: file [C:\Users\34588\Desktop\ai租房test\ai-intelligent-rental-housing\code\ai租房系统\backend\target\classes\com\smartproperty\mapper\MessageMapper.class]
2026-07-11 19:25:46 [main] DEBUG org.mybatis.spring.mapper.ClassPathMapperScanner - Identified candidate component class: file [C:\Users\34588\Desktop\ai租房test\ai-intelligent-rental-housing\code\ai租房系统\backend\target\classes\com\smartproperty\mapper\PaymentRecordMapper.class]
2026-07-11 19:25:46 [main] DEBUG org.mybatis.spring.mapper.ClassPathMapperScanner - Identified candidate component class: file [C:\Users\34588\Desktop\ai租房test\ai-intelligent-rental-housing\code\ai租房系统\backend\target\classes\com\smartproperty\mapper\PropertyMapper.class]
2026-07-11 19:25:46 [main] DEBUG org.mybatis.spring.mapper.ClassPathMapperScanner - Identified candidate component class: file [C:\Users\34588\Desktop\ai租房test\ai-intelligent-rental-housing\code\ai租房系统\backend\target\classes\com\smartproperty\mapper\TransactionAttachmentMapper.class]
2026-07-11 19:25:46 [main] DEBUG org.mybatis.spring.mapper.ClassPathMapperScanner - Identified candidate component class: file [C:\Users\34588\Desktop\ai租房test\ai-intelligent-rental-housing\code\ai租房系统\backend\target\classes\com\smartproperty\mapper\TransactionConversationMapper.class]
2026-07-11 19:25:46 [main] DEBUG org.mybatis.spring.mapper.ClassPathMapperScanner - Identified candidate component class: file [C:\Users\34588\Desktop\ai租房test\ai-intelligent-rental-housing\code\ai租房系统\backend\target\classes\com\smartproperty\mapper\TransactionPaymentMapper.class]
2026-07-11 19:25:46 [main] DEBUG org.mybatis.spring.mapper.ClassPathMapperScanner - Identified candidate component class: file [C:\Users\34588\Desktop\ai租房test\ai-intelligent-rental-housing\code\ai租房系统\backend\target\classes\com\smartproperty\mapper\TransactionProcessLogMapper.class]
2026-07-11 19:25:46 [main] DEBUG org.mybatis.spring.mapper.ClassPathMapperScanner - Identified candidate component class: file [C:\Users\34588\Desktop\ai租房test\ai-intelligent-rental-housing\code\ai租房系统\backend\target\classes\com\smartproperty\mapper\TransactionStatisticsMapper.class]
2026-07-11 19:25:46 [main] DEBUG org.mybatis.spring.mapper.ClassPathMapperScanner - Identified candidate component class: file [C:\Users\34588\Desktop\ai租房test\ai-intelligent-rental-housing\code\ai租房系统\backend\target\classes\com\smartproperty\mapper\UserBehaviorLogMapper.class]
2026-07-11 19:25:46 [main] DEBUG org.mybatis.spring.mapper.ClassPathMapperScanner - Identified candidate component class: file [C:\Users\34588\Desktop\ai租房test\ai-intelligent-rental-housing\code\ai租房系统\backend\target\classes\com\smartproperty\mapper\UserMapper.class]
2026-07-11 19:25:46 [main] DEBUG org.mybatis.spring.mapper.ClassPathMapperScanner - Creating MapperFactoryBean with name 'AIContentGenerationMapper' and 'com.smartproperty.mapper.AIContentGenerationMapper' mapperInterface
2026-07-11 19:25:46 [main] DEBUG org.mybatis.spring.mapper.ClassPathMapperScanner - Enabling autowire by type for MapperFactoryBean with name 'AIContentGenerationMapper'.
2026-07-11 19:25:46 [main] DEBUG org.mybatis.spring.mapper.ClassPathMapperScanner - Creating MapperFactoryBean with name 'AIQAHistoryMapper' and 'com.smartproperty.mapper.AIQAHistoryMapper' mapperInterface
2026-07-11 19:25:46 [main] DEBUG org.mybatis.spring.mapper.ClassPathMapperScanner - Enabling autowire by type for MapperFactoryBean with name 'AIQAHistoryMapper'.
2026-07-11 19:25:46 [main] DEBUG org.mybatis.spring.mapper.ClassPathMapperScanner - Creating MapperFactoryBean with name 'AIRecommendationLogMapper' and 'com.smartproperty.mapper.AIRecommendationLogMapper' mapperInterface
2026-07-11 19:25:46 [main] DEBUG org.mybatis.spring.mapper.ClassPathMapperScanner - Enabling autowire by type for MapperFactoryBean with name 'AIRecommendationLogMapper'.
2026-07-11 19:25:46 [main] DEBUG org.mybatis.spring.mapper.ClassPathMapperScanner - Creating MapperFactoryBean with name 'appointmentMapper' and 'com.smartproperty.mapper.AppointmentMapper' mapperInterface
2026-07-11 19:25:46 [main] DEBUG org.mybatis.spring.mapper.ClassPathMapperScanner - Enabling autowire by type for MapperFactoryBean with name 'appointmentMapper'.
2026-07-11 19:25:46 [main] DEBUG org.mybatis.spring.mapper.ClassPathMapperScanner - Creating MapperFactoryBean with name 'contractMapper' and 'com.smartproperty.mapper.ContractMapper' mapperInterface
2026-07-11 19:25:46 [main] DEBUG org.mybatis.spring.mapper.ClassPathMapperScanner - Enabling autowire by type for MapperFactoryBean with name 'contractMapper'.
2026-07-11 19:25:46 [main] DEBUG org.mybatis.spring.mapper.ClassPathMapperScanner - Creating MapperFactoryBean with name 'favoriteMapper' and 'com.smartproperty.mapper.FavoriteMapper' mapperInterface
2026-07-11 19:25:46 [main] DEBUG org.mybatis.spring.mapper.ClassPathMapperScanner - Enabling autowire by type for MapperFactoryBean with name 'favoriteMapper'.
2026-07-11 19:25:46 [main] DEBUG org.mybatis.spring.mapper.ClassPathMapperScanner - Creating MapperFactoryBean with name 'messageMapper' and 'com.smartproperty.mapper.MessageMapper' mapperInterface
2026-07-11 19:25:46 [main] DEBUG org.mybatis.spring.mapper.ClassPathMapperScanner - Enabling autowire by type for MapperFactoryBean with name 'messageMapper'.
2026-07-11 19:25:46 [main] DEBUG org.mybatis.spring.mapper.ClassPathMapperScanner - Creating MapperFactoryBean with name 'paymentRecordMapper' and 'com.smartproperty.mapper.PaymentRecordMapper' mapperInterface
2026-07-11 19:25:46 [main] DEBUG org.mybatis.spring.mapper.ClassPathMapperScanner - Enabling autowire by type for MapperFactoryBean with name 'paymentRecordMapper'.
2026-07-11 19:25:46 [main] DEBUG org.mybatis.spring.mapper.ClassPathMapperScanner - Creating MapperFactoryBean with name 'propertyMapper' and 'com.smartproperty.mapper.PropertyMapper' mapperInterface
2026-07-11 19:25:46 [main] DEBUG org.mybatis.spring.mapper.ClassPathMapperScanner - Enabling autowire by type for MapperFactoryBean with name 'propertyMapper'.
2026-07-11 19:25:46 [main] DEBUG org.mybatis.spring.mapper.ClassPathMapperScanner - Creating MapperFactoryBean with name 'transactionAttachmentMapper' and 'com.smartproperty.mapper.TransactionAttachmentMapper' mapperInterface
2026-07-11 19:25:46 [main] DEBUG org.mybatis.spring.mapper.ClassPathMapperScanner - Enabling autowire by type for MapperFactoryBean with name 'transactionAttachmentMapper'.
2026-07-11 19:25:46 [main] DEBUG org.mybatis.spring.mapper.ClassPathMapperScanner - Creating MapperFactoryBean with name 'transactionConversationMapper' and 'com.smartproperty.mapper.TransactionConversationMapper' mapperInterface
2026-07-11 19:25:46 [main] DEBUG org.mybatis.spring.mapper.ClassPathMapperScanner - Enabling autowire by type for MapperFactoryBean with name 'transactionConversationMapper'.
2026-07-11 19:25:46 [main] DEBUG org.mybatis.spring.mapper.ClassPathMapperScanner - Creating MapperFactoryBean with name 'transactionPaymentMapper' and 'com.smartproperty.mapper.TransactionPaymentMapper' mapperInterface
2026-07-11 19:25:46 [main] DEBUG org.mybatis.spring.mapper.ClassPathMapperScanner - Enabling autowire by type for MapperFactoryBean with name 'transactionPaymentMapper'.
2026-07-11 19:25:46 [main] DEBUG org.mybatis.spring.mapper.ClassPathMapperScanner - Creating MapperFactoryBean with name 'transactionProcessLogMapper' and 'com.smartproperty.mapper.TransactionProcessLogMapper' mapperInterface
2026-07-11 19:25:46 [main] DEBUG org.mybatis.spring.mapper.ClassPathMapperScanner - Enabling autowire by type for MapperFactoryBean with name 'transactionProcessLogMapper'.
2026-07-11 19:25:46 [main] DEBUG org.mybatis.spring.mapper.ClassPathMapperScanner - Creating MapperFactoryBean with name 'transactionStatisticsMapper' and 'com.smartproperty.mapper.TransactionStatisticsMapper' mapperInterface
2026-07-11 19:25:46 [main] DEBUG org.mybatis.spring.mapper.ClassPathMapperScanner - Enabling autowire by type for MapperFactoryBean with name 'transactionStatisticsMapper'.
2026-07-11 19:25:46 [main] DEBUG org.mybatis.spring.mapper.ClassPathMapperScanner - Creating MapperFactoryBean with name 'userBehaviorLogMapper' and 'com.smartproperty.mapper.UserBehaviorLogMapper' mapperInterface
2026-07-11 19:25:46 [main] DEBUG org.mybatis.spring.mapper.ClassPathMapperScanner - Enabling autowire by type for MapperFactoryBean with name 'userBehaviorLogMapper'.
2026-07-11 19:25:46 [main] DEBUG org.mybatis.spring.mapper.ClassPathMapperScanner - Creating MapperFactoryBean with name 'userMapper' and 'com.smartproperty.mapper.UserMapper' mapperInterface
2026-07-11 19:25:46 [main] DEBUG org.mybatis.spring.mapper.ClassPathMapperScanner - Enabling autowire by type for MapperFactoryBean with name 'userMapper'.
2026-07-11 19:25:47 [main] INFO  o.s.boot.web.embedded.tomcat.TomcatWebServer - Tomcat initialized with port(s): 8080 (http)
2026-07-11 19:25:47 [main] INFO  org.apache.catalina.core.StandardService - Starting service [Tomcat]
2026-07-11 19:25:47 [main] INFO  org.apache.catalina.core.StandardEngine - Starting Servlet engine: [Apache Tomcat/10.1.19]
2026-07-11 19:25:47 [main] INFO  o.a.c.c.ContainerBase.[Tomcat].[localhost].[/api] - Initializing Spring embedded WebApplicationContext
2026-07-11 19:25:47 [main] INFO  o.s.b.w.s.c.ServletWebServerApplicationContext - Root WebApplicationContext: initialization completed in 800 ms
2026-07-11 19:25:47 [main] ERROR c.baomidou.mybatisplus.core.MybatisConfiguration - mapper[com.smartproperty.mapper.ContractMapper.selectByAppointmentId] is ignored, because it exists, maybe from xml file
2026-07-11 19:25:47 [main] ERROR c.baomidou.mybatisplus.core.MybatisConfiguration - mapper[com.smartproperty.mapper.PaymentRecordMapper.selectByAppointmentId] is ignored, because it exists, maybe from xml file
2026-07-11 19:25:47 [main] ERROR c.baomidou.mybatisplus.core.MybatisConfiguration - mapper[com.smartproperty.mapper.PaymentRecordMapper.selectByContractId] is ignored, because it exists, maybe from xml file
2026-07-11 19:25:47 [main] ERROR c.baomidou.mybatisplus.core.MybatisConfiguration - mapper[com.smartproperty.mapper.TransactionProcessLogMapper.selectByAppointmentId] is ignored, because it exists, maybe from xml file
2026-07-11 19:25:47 [main] ERROR c.baomidou.mybatisplus.core.MybatisConfiguration - mapper[com.smartproperty.mapper.TransactionProcessLogMapper.selectByAppointmentAndStage] is ignored, because it exists, maybe from xml file
2026-07-11 19:25:47 [main] WARN  o.s.b.a.s.s.UserDetailsServiceAutoConfiguration - 

Using generated security password: 4f2d5464-ddba-41f3-a898-4917d46f4bc8

This generated password is for development use only. Your security configuration must be updated before running your application in production.

2026-07-11 19:25:48 [main] INFO  o.s.security.web.DefaultSecurityFilterChain - Will secure any request with [org.springframework.security.web.session.DisableEncodeUrlFilter@49232c6f, org.springframework.security.web.context.request.async.WebAsyncManagerIntegrationFilter@5faeeb56, org.springframework.security.web.context.SecurityContextHolderFilter@1373e3ee, org.springframework.security.web.header.HeaderWriterFilter@571a663c, org.springframework.web.filter.CorsFilter@5396eeb1, org.springframework.security.web.authentication.logout.LogoutFilter@50cdfafa, org.springframework.security.web.savedrequest.RequestCacheAwareFilter@69a5c6be, org.springframework.security.web.servletapi.SecurityContextHolderAwareRequestFilter@7b6141f0, org.springframework.security.web.authentication.AnonymousAuthenticationFilter@279126f5, org.springframework.security.web.access.ExceptionTranslationFilter@78b03788, org.springframework.security.web.access.intercept.AuthorizationFilter@3ab595c8]
2026-07-11 19:25:48 [main] INFO  o.s.boot.web.embedded.tomcat.TomcatWebServer - Tomcat started on port(s): 8080 (http) with context path '/api'
2026-07-11 19:25:48 [main] INFO  com.smartproperty.SmartPropertyApplication - Started SmartPropertyApplication in 2.233 seconds (process running for 2.733)
2026-07-11 19:26:14 [http-nio-8080-exec-3] INFO  o.a.c.c.ContainerBase.[Tomcat].[localhost].[/api] - Initializing Spring DispatcherServlet 'dispatcherServlet'
2026-07-11 19:26:14 [http-nio-8080-exec-3] INFO  org.springframework.web.servlet.DispatcherServlet - Initializing Servlet 'dispatcherServlet'
2026-07-11 19:26:14 [http-nio-8080-exec-3] INFO  org.springframework.web.servlet.DispatcherServlet - Completed initialization in 0 ms
2026-07-11 19:26:15 [http-nio-8080-exec-3] INFO  com.zaxxer.hikari.HikariDataSource - HikariPool-1 - Starting...
2026-07-11 19:26:15 [http-nio-8080-exec-3] INFO  com.zaxxer.hikari.pool.HikariPool - HikariPool-1 - Added connection com.mysql.cj.jdbc.ConnectionImpl@73ae2c51
2026-07-11 19:26:15 [http-nio-8080-exec-3] INFO  com.zaxxer.hikari.HikariDataSource - HikariPool-1 - Start completed.
2026-07-11 19:27:17 [task-1] DEBUG com.smartproperty.service.UserBehaviorService - 未登录用户浏览房源，不记录行为日志
2026-07-11 19:27:17 [http-nio-8080-exec-9] INFO  com.smartproperty.controller.AIController - 记录用户 1 行为: view 房源 6572
2026-07-11 19:27:17 [http-nio-8080-exec-9] INFO  com.smartproperty.service.impl.AIServiceImpl - 记录用户 1 行为: view 房源 6572
2026-07-11 19:27:17 [http-nio-8080-exec-9] INFO  com.smartproperty.service.impl.AIServiceImpl - 用户行为日志已保存
2026-07-11 19:27:23 [task-2] DEBUG com.smartproperty.service.UserBehaviorService - 未登录用户浏览房源，不记录行为日志
2026-07-11 19:28:25 [http-nio-8080-exec-1] INFO  com.smartproperty.controller.AIController - 用户 5 请求智能推荐，数量: 6
2026-07-11 19:28:25 [http-nio-8080-exec-1] INFO  com.smartproperty.service.impl.AIServiceImpl - 为用户 5 生成推荐，限制 6 条
2026-07-11 19:28:25 [http-nio-8080-exec-1] INFO  com.smartproperty.service.RecommendationService - 开始为用户 5 生成推荐，数量限制: 6
2026-07-11 19:28:25 [http-nio-8080-exec-1] INFO  com.smartproperty.service.RecommendationService - 用户浏览历史: 8 条，收藏: 1 个
2026-07-11 19:28:25 [http-nio-8080-exec-1] INFO  com.smartproperty.service.RecommendationService - 用户偏好分析完成: 城市=惠州, 区域=高明区, 类型=0, 交易类型=0, 价格=55408.00, 面积=98.67
2026-07-11 19:28:25 [http-nio-8080-exec-1] INFO  com.smartproperty.service.RecommendationService - 候选房源数量: 200
2026-07-11 19:28:25 [http-nio-8080-exec-1] INFO  com.smartproperty.service.RecommendationService - 推荐生成完成，返回 6 个房源
2026-07-11 19:28:25 [http-nio-8080-exec-1] INFO  com.smartproperty.service.impl.AIServiceImpl - 推荐日志已保存，共 6 条
2026-07-11 19:28:25 [http-nio-8080-exec-1] INFO  com.smartproperty.controller.AIController - 推荐成功，返回 6 条房源
2026-07-11 19:28:37 [task-3] DEBUG com.smartproperty.service.UserBehaviorService - 未登录用户浏览房源，不记录行为日志
2026-07-11 19:28:37 [http-nio-8080-exec-9] INFO  com.smartproperty.controller.AIController - 记录用户 5 行为: view 房源 6572
2026-07-11 19:28:37 [http-nio-8080-exec-9] INFO  com.smartproperty.service.impl.AIServiceImpl - 记录用户 5 行为: view 房源 6572
2026-07-11 19:28:37 [http-nio-8080-exec-9] INFO  com.smartproperty.service.impl.AIServiceImpl - 用户行为日志已保存
2026-07-11 19:28:58 [http-nio-8080-exec-2] ERROR c.smartproperty.exception.GlobalExceptionHandler - 业务逻辑异常: JSON parse error: Cannot deserialize value of type `java.time.LocalDateTime` from String "2026-07-11 09:00:00": Failed to deserialize java.time.LocalDateTime: (java.time.format.DateTimeParseException) Text '2026-07-11 09:00:00' could not be parsed at index 10
org.springframework.http.converter.HttpMessageNotReadableException: JSON parse error: Cannot deserialize value of type `java.time.LocalDateTime` from String "2026-07-11 09:00:00": Failed to deserialize java.time.LocalDateTime: (java.time.format.DateTimeParseException) Text '2026-07-11 09:00:00' could not be parsed at index 10
	at org.springframework.http.converter.json.AbstractJackson2HttpMessageConverter.readJavaType(AbstractJackson2HttpMessageConverter.java:406)
	at org.springframework.http.converter.json.AbstractJackson2HttpMessageConverter.read(AbstractJackson2HttpMessageConverter.java:354)
	at org.springframework.web.servlet.mvc.method.annotation.AbstractMessageConverterMethodArgumentResolver.readWithMessageConverters(AbstractMessageConverterMethodArgumentResolver.java:183)
	at org.springframework.web.servlet.mvc.method.annotation.RequestResponseBodyMethodProcessor.readWithMessageConverters(RequestResponseBodyMethodProcessor.java:163)
	at org.springframework.web.servlet.mvc.method.annotation.RequestResponseBodyMethodProcessor.resolveArgument(RequestResponseBodyMethodProcessor.java:136)
	at org.springframework.web.method.support.HandlerMethodArgumentResolverComposite.resolveArgument(HandlerMethodArgumentResolverComposite.java:122)
	at org.springframework.web.method.support.InvocableHandlerMethod.getMethodArgumentValues(InvocableHandlerMethod.java:179)
	at org.springframework.web.method.support.InvocableHandlerMethod.invokeForRequest(InvocableHandlerMethod.java:146)
	at org.springframework.web.servlet.mvc.method.annotation.ServletInvocableHandlerMethod.invokeAndHandle(ServletInvocableHandlerMethod.java:118)
	at org.springframework.web.servlet.mvc.method.annotation.RequestMappingHandlerAdapter.invokeHandlerMethod(RequestMappingHandlerAdapter.java:887)
	at org.springframework.web.servlet.mvc.method.annotation.RequestMappingHandlerAdapter.handleInternal(RequestMappingHandlerAdapter.java:798)
	at org.springframework.web.servlet.mvc.method.AbstractHandlerMethodAdapter.handle(AbstractHandlerMethodAdapter.java:87)
	at org.springframework.web.servlet.DispatcherServlet.doDispatch(DispatcherServlet.java:1081)
	at org.springframework.web.servlet.DispatcherServlet.doService(DispatcherServlet.java:974)
	at org.springframework.web.servlet.FrameworkServlet.processRequest(FrameworkServlet.java:1014)
	at org.springframework.web.servlet.FrameworkServlet.doPost(FrameworkServlet.java:914)
	at jakarta.servlet.http.HttpServlet.service(HttpServlet.java:590)
	at org.springframework.web.servlet.FrameworkServlet.service(FrameworkServlet.java:885)
	at jakarta.servlet.http.HttpServlet.service(HttpServlet.java:658)
	at org.apache.catalina.core.ApplicationFilterChain.internalDoFilter(ApplicationFilterChain.java:205)
	at org.apache.catalina.core.ApplicationFilterChain.doFilter(ApplicationFilterChain.java:149)
	at org.apache.tomcat.websocket.server.WsFilter.doFilter(WsFilter.java:51)
	at org.apache.catalina.core.ApplicationFilterChain.internalDoFilter(ApplicationFilterChain.java:174)
	at org.apache.catalina.core.ApplicationFilterChain.doFilter(ApplicationFilterChain.java:149)
	at org.springframework.web.filter.CompositeFilter$VirtualFilterChain.doFilter(CompositeFilter.java:108)
	at org.springframework.security.web.FilterChainProxy.lambda$doFilterInternal$3(FilterChainProxy.java:231)
	at org.springframework.security.web.FilterChainProxy$VirtualFilterChain.doFilter(FilterChainProxy.java:365)
	at org.springframework.security.web.access.intercept.AuthorizationFilter.doFilter(AuthorizationFilter.java:100)
	at org.springframework.security.web.FilterChainProxy$VirtualFilterChain.doFilter(FilterChainProxy.java:374)
	at org.springframework.security.web.access.ExceptionTranslationFilter.doFilter(ExceptionTranslationFilter.java:126)
	at org.springframework.security.web.access.ExceptionTranslationFilter.doFilter(ExceptionTranslationFilter.java:120)
	at org.springframework.security.web.FilterChainProxy$VirtualFilterChain.doFilter(FilterChainProxy.java:374)
	at org.springframework.security.web.authentication.AnonymousAuthenticationFilter.doFilter(AnonymousAuthenticationFilter.java:100)
	at org.springframework.security.web.FilterChainProxy$VirtualFilterChain.doFilter(FilterChainProxy.java:374)
	at org.springframework.security.web.servletapi.SecurityContextHolderAwareRequestFilter.doFilter(SecurityContextHolderAwareRequestFilter.java:179)
	at org.springframework.security.web.FilterChainProxy$VirtualFilterChain.doFilter(FilterChainProxy.java:374)
	at org.springframework.security.web.savedrequest.RequestCacheAwareFilter.doFilter(RequestCacheAwareFilter.java:63)
	at org.springframework.security.web.FilterChainProxy$VirtualFilterChain.doFilter(FilterChainProxy.java:374)
	at org.springframework.security.web.authentication.logout.LogoutFilter.doFilter(LogoutFilter.java:107)
	at org.springframework.security.web.authentication.logout.LogoutFilter.doFilter(LogoutFilter.java:93)
	at org.springframework.security.web.FilterChainProxy$VirtualFilterChain.doFilter(FilterChainProxy.java:374)
	at org.springframework.web.filter.CorsFilter.doFilterInternal(CorsFilter.java:91)
	at org.springframework.web.filter.OncePerRequestFilter.doFilter(OncePerRequestFilter.java:116)
	at org.springframework.security.web.FilterChainProxy$VirtualFilterChain.doFilter(FilterChainProxy.java:374)
	at org.springframework.security.web.header.HeaderWriterFilter.doHeadersAfter(HeaderWriterFilter.java:90)
	at org.springframework.security.web.header.HeaderWriterFilter.doFilterInternal(HeaderWriterFilter.java:75)
	at org.springframework.web.filter.OncePerRequestFilter.doFilter(OncePerRequestFilter.java:116)
	at org.springframework.security.web.FilterChainProxy$VirtualFilterChain.doFilter(FilterChainProxy.java:374)
	at org.springframework.security.web.context.SecurityContextHolderFilter.doFilter(SecurityContextHolderFilter.java:82)
	at org.springframework.security.web.context.SecurityContextHolderFilter.doFilter(SecurityContextHolderFilter.java:69)
	at org.springframework.security.web.FilterChainProxy$VirtualFilterChain.doFilter(FilterChainProxy.java:374)
	at org.springframework.security.web.context.request.async.WebAsyncManagerIntegrationFilter.doFilterInternal(WebAsyncManagerIntegrationFilter.java:62)
	at org.springframework.web.filter.OncePerRequestFilter.doFilter(OncePerRequestFilter.java:116)
	at org.springframework.security.web.FilterChainProxy$VirtualFilterChain.doFilter(FilterChainProxy.java:374)
	at org.springframework.security.web.session.DisableEncodeUrlFilter.doFilterInternal(DisableEncodeUrlFilter.java:42)
	at org.springframework.web.filter.OncePerRequestFilter.doFilter(OncePerRequestFilter.java:116)
	at org.springframework.security.web.FilterChainProxy$VirtualFilterChain.doFilter(FilterChainProxy.java:374)
	at org.springframework.security.web.FilterChainProxy.doFilterInternal(FilterChainProxy.java:233)
	at org.springframework.security.web.FilterChainProxy.doFilter(FilterChainProxy.java:191)
	at org.springframework.web.filter.CompositeFilter$VirtualFilterChain.doFilter(CompositeFilter.java:113)
	at org.springframework.web.servlet.handler.HandlerMappingIntrospector.lambda$createCacheFilter$3(HandlerMappingIntrospector.java:195)
	at org.springframework.web.filter.CompositeFilter$VirtualFilterChain.doFilter(CompositeFilter.java:113)
	at org.springframework.web.filter.CompositeFilter.doFilter(CompositeFilter.java:74)
	at org.springframework.security.config.annotation.web.configuration.WebMvcSecurityConfiguration$CompositeFilterChainProxy.doFilter(WebMvcSecurityConfiguration.java:230)
	at org.springframework.web.filter.DelegatingFilterProxy.invokeDelegate(DelegatingFilterProxy.java:352)
	at org.springframework.web.filter.DelegatingFilterProxy.doFilter(DelegatingFilterProxy.java:268)
	at org.apache.catalina.core.ApplicationFilterChain.internalDoFilter(ApplicationFilterChain.java:174)
	at org.apache.catalina.core.ApplicationFilterChain.doFilter(ApplicationFilterChain.java:149)
	at org.springframework.web.filter.RequestContextFilter.doFilterInternal(RequestContextFilter.java:100)
	at org.springframework.web.filter.OncePerRequestFilter.doFilter(OncePerRequestFilter.java:116)
	at org.apache.catalina.core.ApplicationFilterChain.internalDoFilter(ApplicationFilterChain.java:174)
	at org.apache.catalina.core.ApplicationFilterChain.doFilter(ApplicationFilterChain.java:149)
	at org.springframework.web.filter.FormContentFilter.doFilterInternal(FormContentFilter.java:93)
	at org.springframework.web.filter.OncePerRequestFilter.doFilter(OncePerRequestFilter.java:116)
	at org.apache.catalina.core.ApplicationFilterChain.internalDoFilter(ApplicationFilterChain.java:174)
	at org.apache.catalina.core.ApplicationFilterChain.doFilter(ApplicationFilterChain.java:149)
	at org.springframework.web.filter.CharacterEncodingFilter.doFilterInternal(CharacterEncodingFilter.java:201)
	at org.springframework.web.filter.OncePerRequestFilter.doFilter(OncePerRequestFilter.java:116)
	at org.apache.catalina.core.ApplicationFilterChain.internalDoFilter(ApplicationFilterChain.java:174)
	at org.apache.catalina.core.ApplicationFilterChain.doFilter(ApplicationFilterChain.java:149)
	at org.apache.catalina.core.StandardWrapperValve.invoke(StandardWrapperValve.java:167)
	at org.apache.catalina.core.StandardContextValve.invoke(StandardContextValve.java:90)
	at org.apache.catalina.authenticator.AuthenticatorBase.invoke(AuthenticatorBase.java:482)
	at org.apache.catalina.core.StandardHostValve.invoke(StandardHostValve.java:115)
	at org.apache.catalina.valves.ErrorReportValve.invoke(ErrorReportValve.java:93)
	at org.apache.catalina.core.StandardEngineValve.invoke(StandardEngineValve.java:74)
	at org.apache.catalina.connector.CoyoteAdapter.service(CoyoteAdapter.java:344)
	at org.apache.coyote.http11.Http11Processor.service(Http11Processor.java:391)
	at org.apache.coyote.AbstractProcessorLight.process(AbstractProcessorLight.java:63)
	at org.apache.coyote.AbstractProtocol$ConnectionHandler.process(AbstractProtocol.java:896)
	at org.apache.tomcat.util.net.NioEndpoint$SocketProcessor.doRun(NioEndpoint.java:1744)
	at org.apache.tomcat.util.net.SocketProcessorBase.run(SocketProcessorBase.java:52)
	at org.apache.tomcat.util.threads.ThreadPoolExecutor.runWorker(ThreadPoolExecutor.java:1191)
	at org.apache.tomcat.util.threads.ThreadPoolExecutor$Worker.run(ThreadPoolExecutor.java:659)
	at org.apache.tomcat.util.threads.TaskThread$WrappingRunnable.run(TaskThread.java:63)
	at java.base/java.lang.Thread.run(Thread.java:1474)
Caused by: com.fasterxml.jackson.databind.exc.InvalidFormatException: Cannot deserialize value of type `java.time.LocalDateTime` from String "2026-07-11 09:00:00": Failed to deserialize java.time.LocalDateTime: (java.time.format.DateTimeParseException) Text '2026-07-11 09:00:00' could not be parsed at index 10
 at [Source: (org.springframework.util.StreamUtils$NonClosingInputStream); line: 1, column: 38] (through reference chain: com.smartproperty.entity.Appointment["appointmentTime"])
	at com.fasterxml.jackson.databind.exc.InvalidFormatException.from(InvalidFormatException.java:67)
	at com.fasterxml.jackson.databind.DeserializationContext.weirdStringException(DeserializationContext.java:2002)
	at com.fasterxml.jackson.databind.DeserializationContext.handleWeirdStringValue(DeserializationContext.java:1230)
	at com.fasterxml.jackson.datatype.jsr310.deser.JSR310DeserializerBase._handleDateTimeException(JSR310DeserializerBase.java:176)
	at com.fasterxml.jackson.datatype.jsr310.deser.LocalDateTimeDeserializer._fromString(LocalDateTimeDeserializer.java:179)
	at com.fasterxml.jackson.datatype.jsr310.deser.LocalDateTimeDeserializer.deserialize(LocalDateTimeDeserializer.java:81)
	at com.fasterxml.jackson.datatype.jsr310.deser.LocalDateTimeDeserializer.deserialize(LocalDateTimeDeserializer.java:40)
	at com.fasterxml.jackson.databind.deser.impl.MethodProperty.deserializeAndSet(MethodProperty.java:129)
	at com.fasterxml.jackson.databind.deser.BeanDeserializer.deserializeFromObject(BeanDeserializer.java:392)
	at com.fasterxml.jackson.databind.deser.BeanDeserializer.deserialize(BeanDeserializer.java:185)
	at com.fasterxml.jackson.databind.deser.DefaultDeserializationContext.readRootValue(DefaultDeserializationContext.java:323)
	at com.fasterxml.jackson.databind.ObjectReader._bindAndClose(ObjectReader.java:2105)
	at com.fasterxml.jackson.databind.ObjectReader.readValue(ObjectReader.java:1481)
	at org.springframework.http.converter.json.AbstractJackson2HttpMessageConverter.readJavaType(AbstractJackson2HttpMessageConverter.java:395)
	... 95 common frames omitted
Caused by: java.time.format.DateTimeParseException: Text '2026-07-11 09:00:00' could not be parsed at index 10
	at java.base/java.time.format.DateTimeFormatter.parseResolved0(DateTimeFormatter.java:2108)
	at java.base/java.time.format.DateTimeFormatter.parse(DateTimeFormatter.java:2010)
	at java.base/java.time.LocalDateTime.parse(LocalDateTime.java:496)
	at com.fasterxml.jackson.datatype.jsr310.deser.LocalDateTimeDeserializer._fromString(LocalDateTimeDeserializer.java:177)
	... 104 common frames omitted
2026-07-11 19:45:51 [http-nio-8080-exec-5] INFO  com.smartproperty.controller.AIController - 用户 5 请求智能推荐，数量: 6
2026-07-11 19:45:51 [http-nio-8080-exec-5] INFO  com.smartproperty.service.impl.AIServiceImpl - 为用户 5 生成推荐，限制 6 条
2026-07-11 19:45:51 [http-nio-8080-exec-5] INFO  com.smartproperty.service.RecommendationService - 开始为用户 5 生成推荐，数量限制: 6
2026-07-11 19:45:51 [http-nio-8080-exec-5] INFO  com.smartproperty.service.RecommendationService - 用户浏览历史: 9 条，收藏: 1 个
2026-07-11 19:45:51 [http-nio-8080-exec-5] INFO  com.smartproperty.service.RecommendationService - 用户偏好分析完成: 城市=南宁, 区域=高明区, 类型=0, 交易类型=0, 价格=41581.00, 面积=99.00
2026-07-11 19:45:51 [http-nio-8080-exec-5] INFO  com.smartproperty.service.RecommendationService - 候选房源数量: 200
2026-07-11 19:45:51 [http-nio-8080-exec-5] INFO  com.smartproperty.service.RecommendationService - 推荐生成完成，返回 6 个房源
2026-07-11 19:45:51 [http-nio-8080-exec-5] INFO  com.smartproperty.service.impl.AIServiceImpl - 推荐日志已保存，共 6 条
2026-07-11 19:45:51 [http-nio-8080-exec-5] INFO  com.smartproperty.controller.AIController - 推荐成功，返回 6 条房源
2026-07-11 19:45:57 [task-4] DEBUG com.smartproperty.service.UserBehaviorService - 未登录用户浏览房源，不记录行为日志
2026-07-11 19:45:57 [http-nio-8080-exec-7] INFO  com.smartproperty.controller.AIController - 记录用户 5 行为: view 房源 6572
2026-07-11 19:45:57 [http-nio-8080-exec-7] INFO  com.smartproperty.service.impl.AIServiceImpl - 记录用户 5 行为: view 房源 6572
2026-07-11 19:45:57 [http-nio-8080-exec-7] INFO  com.smartproperty.service.impl.AIServiceImpl - 用户行为日志已保存
2026-07-11 19:46:02 [task-5] DEBUG com.smartproperty.service.UserBehaviorService - 未登录用户浏览房源，不记录行为日志
2026-07-11 19:46:02 [http-nio-8080-exec-10] INFO  com.smartproperty.controller.AIController - 记录用户 5 行为: view 房源 6570
2026-07-11 19:46:02 [http-nio-8080-exec-10] INFO  com.smartproperty.service.impl.AIServiceImpl - 记录用户 5 行为: view 房源 6570
2026-07-11 19:46:02 [http-nio-8080-exec-10] INFO  com.smartproperty.service.impl.AIServiceImpl - 用户行为日志已保存
2026-07-11 19:46:06 [task-6] DEBUG com.smartproperty.service.UserBehaviorService - 未登录用户浏览房源，不记录行为日志
2026-07-11 19:46:06 [http-nio-8080-exec-6] INFO  com.smartproperty.controller.AIController - 记录用户 5 行为: view 房源 6572
2026-07-11 19:46:06 [http-nio-8080-exec-6] INFO  com.smartproperty.service.impl.AIServiceImpl - 记录用户 5 行为: view 房源 6572
2026-07-11 19:46:06 [http-nio-8080-exec-6] INFO  com.smartproperty.service.impl.AIServiceImpl - 用户行为日志已保存
2026-07-11 19:46:21 [http-nio-8080-exec-5] ERROR c.smartproperty.exception.GlobalExceptionHandler - 业务逻辑异常: JSON parse error: Cannot deserialize value of type `java.time.LocalDateTime` from String "2026-07-12 09:00:00": Failed to deserialize java.time.LocalDateTime: (java.time.format.DateTimeParseException) Text '2026-07-12 09:00:00' could not be parsed at index 10
org.springframework.http.converter.HttpMessageNotReadableException: JSON parse error: Cannot deserialize value of type `java.time.LocalDateTime` from String "2026-07-12 09:00:00": Failed to deserialize java.time.LocalDateTime: (java.time.format.DateTimeParseException) Text '2026-07-12 09:00:00' could not be parsed at index 10
	at org.springframework.http.converter.json.AbstractJackson2HttpMessageConverter.readJavaType(AbstractJackson2HttpMessageConverter.java:406)
	at org.springframework.http.converter.json.AbstractJackson2HttpMessageConverter.read(AbstractJackson2HttpMessageConverter.java:354)
	at org.springframework.web.servlet.mvc.method.annotation.AbstractMessageConverterMethodArgumentResolver.readWithMessageConverters(AbstractMessageConverterMethodArgumentResolver.java:183)
	at org.springframework.web.servlet.mvc.method.annotation.RequestResponseBodyMethodProcessor.readWithMessageConverters(RequestResponseBodyMethodProcessor.java:163)
	at org.springframework.web.servlet.mvc.method.annotation.RequestResponseBodyMethodProcessor.resolveArgument(RequestResponseBodyMethodProcessor.java:136)
	at org.springframework.web.method.support.HandlerMethodArgumentResolverComposite.resolveArgument(HandlerMethodArgumentResolverComposite.java:122)
	at org.springframework.web.method.support.InvocableHandlerMethod.getMethodArgumentValues(InvocableHandlerMethod.java:179)
	at org.springframework.web.method.support.InvocableHandlerMethod.invokeForRequest(InvocableHandlerMethod.java:146)
	at org.springframework.web.servlet.mvc.method.annotation.ServletInvocableHandlerMethod.invokeAndHandle(ServletInvocableHandlerMethod.java:118)
	at org.springframework.web.servlet.mvc.method.annotation.RequestMappingHandlerAdapter.invokeHandlerMethod(RequestMappingHandlerAdapter.java:887)
	at org.springframework.web.servlet.mvc.method.annotation.RequestMappingHandlerAdapter.handleInternal(RequestMappingHandlerAdapter.java:798)
	at org.springframework.web.servlet.mvc.method.AbstractHandlerMethodAdapter.handle(AbstractHandlerMethodAdapter.java:87)
	at org.springframework.web.servlet.DispatcherServlet.doDispatch(DispatcherServlet.java:1081)
	at org.springframework.web.servlet.DispatcherServlet.doService(DispatcherServlet.java:974)
	at org.springframework.web.servlet.FrameworkServlet.processRequest(FrameworkServlet.java:1014)
	at org.springframework.web.servlet.FrameworkServlet.doPost(FrameworkServlet.java:914)
	at jakarta.servlet.http.HttpServlet.service(HttpServlet.java:590)
	at org.springframework.web.servlet.FrameworkServlet.service(FrameworkServlet.java:885)
	at jakarta.servlet.http.HttpServlet.service(HttpServlet.java:658)
	at org.apache.catalina.core.ApplicationFilterChain.internalDoFilter(ApplicationFilterChain.java:205)
	at org.apache.catalina.core.ApplicationFilterChain.doFilter(ApplicationFilterChain.java:149)
	at org.apache.tomcat.websocket.server.WsFilter.doFilter(WsFilter.java:51)
	at org.apache.catalina.core.ApplicationFilterChain.internalDoFilter(ApplicationFilterChain.java:174)
	at org.apache.catalina.core.ApplicationFilterChain.doFilter(ApplicationFilterChain.java:149)
	at org.springframework.web.filter.CompositeFilter$VirtualFilterChain.doFilter(CompositeFilter.java:108)
	at org.springframework.security.web.FilterChainProxy.lambda$doFilterInternal$3(FilterChainProxy.java:231)
	at org.springframework.security.web.FilterChainProxy$VirtualFilterChain.doFilter(FilterChainProxy.java:365)
	at org.springframework.security.web.access.intercept.AuthorizationFilter.doFilter(AuthorizationFilter.java:100)
	at org.springframework.security.web.FilterChainProxy$VirtualFilterChain.doFilter(FilterChainProxy.java:374)
	at org.springframework.security.web.access.ExceptionTranslationFilter.doFilter(ExceptionTranslationFilter.java:126)
	at org.springframework.security.web.access.ExceptionTranslationFilter.doFilter(ExceptionTranslationFilter.java:120)
	at org.springframework.security.web.FilterChainProxy$VirtualFilterChain.doFilter(FilterChainProxy.java:374)
	at org.springframework.security.web.authentication.AnonymousAuthenticationFilter.doFilter(AnonymousAuthenticationFilter.java:100)
	at org.springframework.security.web.FilterChainProxy$VirtualFilterChain.doFilter(FilterChainProxy.java:374)
	at org.springframework.security.web.servletapi.SecurityContextHolderAwareRequestFilter.doFilter(SecurityContextHolderAwareRequestFilter.java:179)
	at org.springframework.security.web.FilterChainProxy$VirtualFilterChain.doFilter(FilterChainProxy.java:374)
	at org.springframework.security.web.savedrequest.RequestCacheAwareFilter.doFilter(RequestCacheAwareFilter.java:63)
	at org.springframework.security.web.FilterChainProxy$VirtualFilterChain.doFilter(FilterChainProxy.java:374)
	at org.springframework.security.web.authentication.logout.LogoutFilter.doFilter(LogoutFilter.java:107)
	at org.springframework.security.web.authentication.logout.LogoutFilter.doFilter(LogoutFilter.java:93)
	at org.springframework.security.web.FilterChainProxy$VirtualFilterChain.doFilter(FilterChainProxy.java:374)
	at org.springframework.web.filter.CorsFilter.doFilterInternal(CorsFilter.java:91)
	at org.springframework.web.filter.OncePerRequestFilter.doFilter(OncePerRequestFilter.java:116)
	at org.springframework.security.web.FilterChainProxy$VirtualFilterChain.doFilter(FilterChainProxy.java:374)
	at org.springframework.security.web.header.HeaderWriterFilter.doHeadersAfter(HeaderWriterFilter.java:90)
	at org.springframework.security.web.header.HeaderWriterFilter.doFilterInternal(HeaderWriterFilter.java:75)
	at org.springframework.web.filter.OncePerRequestFilter.doFilter(OncePerRequestFilter.java:116)
	at org.springframework.security.web.FilterChainProxy$VirtualFilterChain.doFilter(FilterChainProxy.java:374)
	at org.springframework.security.web.context.SecurityContextHolderFilter.doFilter(SecurityContextHolderFilter.java:82)
	at org.springframework.security.web.context.SecurityContextHolderFilter.doFilter(SecurityContextHolderFilter.java:69)
	at org.springframework.security.web.FilterChainProxy$VirtualFilterChain.doFilter(FilterChainProxy.java:374)
	at org.springframework.security.web.context.request.async.WebAsyncManagerIntegrationFilter.doFilterInternal(WebAsyncManagerIntegrationFilter.java:62)
	at org.springframework.web.filter.OncePerRequestFilter.doFilter(OncePerRequestFilter.java:116)
	at org.springframework.security.web.FilterChainProxy$VirtualFilterChain.doFilter(FilterChainProxy.java:374)
	at org.springframework.security.web.session.DisableEncodeUrlFilter.doFilterInternal(DisableEncodeUrlFilter.java:42)
	at org.springframework.web.filter.OncePerRequestFilter.doFilter(OncePerRequestFilter.java:116)
	at org.springframework.security.web.FilterChainProxy$VirtualFilterChain.doFilter(FilterChainProxy.java:374)
	at org.springframework.security.web.FilterChainProxy.doFilterInternal(FilterChainProxy.java:233)
	at org.springframework.security.web.FilterChainProxy.doFilter(FilterChainProxy.java:191)
	at org.springframework.web.filter.CompositeFilter$VirtualFilterChain.doFilter(CompositeFilter.java:113)
	at org.springframework.web.servlet.handler.HandlerMappingIntrospector.lambda$createCacheFilter$3(HandlerMappingIntrospector.java:195)
	at org.springframework.web.filter.CompositeFilter$VirtualFilterChain.doFilter(CompositeFilter.java:113)
	at org.springframework.web.filter.CompositeFilter.doFilter(CompositeFilter.java:74)
	at org.springframework.security.config.annotation.web.configuration.WebMvcSecurityConfiguration$CompositeFilterChainProxy.doFilter(WebMvcSecurityConfiguration.java:230)
	at org.springframework.web.filter.DelegatingFilterProxy.invokeDelegate(DelegatingFilterProxy.java:352)
	at org.springframework.web.filter.DelegatingFilterProxy.doFilter(DelegatingFilterProxy.java:268)
	at org.apache.catalina.core.ApplicationFilterChain.internalDoFilter(ApplicationFilterChain.java:174)
	at org.apache.catalina.core.ApplicationFilterChain.doFilter(ApplicationFilterChain.java:149)
	at org.springframework.web.filter.RequestContextFilter.doFilterInternal(RequestContextFilter.java:100)
	at org.springframework.web.filter.OncePerRequestFilter.doFilter(OncePerRequestFilter.java:116)
	at org.apache.catalina.core.ApplicationFilterChain.internalDoFilter(ApplicationFilterChain.java:174)
	at org.apache.catalina.core.ApplicationFilterChain.doFilter(ApplicationFilterChain.java:149)
	at org.springframework.web.filter.FormContentFilter.doFilterInternal(FormContentFilter.java:93)
	at org.springframework.web.filter.OncePerRequestFilter.doFilter(OncePerRequestFilter.java:116)
	at org.apache.catalina.core.ApplicationFilterChain.internalDoFilter(ApplicationFilterChain.java:174)
	at org.apache.catalina.core.ApplicationFilterChain.doFilter(ApplicationFilterChain.java:149)
	at org.springframework.web.filter.CharacterEncodingFilter.doFilterInternal(CharacterEncodingFilter.java:201)
	at org.springframework.web.filter.OncePerRequestFilter.doFilter(OncePerRequestFilter.java:116)
	at org.apache.catalina.core.ApplicationFilterChain.internalDoFilter(ApplicationFilterChain.java:174)
	at org.apache.catalina.core.ApplicationFilterChain.doFilter(ApplicationFilterChain.java:149)
	at org.apache.catalina.core.StandardWrapperValve.invoke(StandardWrapperValve.java:167)
	at org.apache.catalina.core.StandardContextValve.invoke(StandardContextValve.java:90)
	at org.apache.catalina.authenticator.AuthenticatorBase.invoke(AuthenticatorBase.java:482)
	at org.apache.catalina.core.StandardHostValve.invoke(StandardHostValve.java:115)
	at org.apache.catalina.valves.ErrorReportValve.invoke(ErrorReportValve.java:93)
	at org.apache.catalina.core.StandardEngineValve.invoke(StandardEngineValve.java:74)
	at org.apache.catalina.connector.CoyoteAdapter.service(CoyoteAdapter.java:344)
	at org.apache.coyote.http11.Http11Processor.service(Http11Processor.java:391)
	at org.apache.coyote.AbstractProcessorLight.process(AbstractProcessorLight.java:63)
	at org.apache.coyote.AbstractProtocol$ConnectionHandler.process(AbstractProtocol.java:896)
	at org.apache.tomcat.util.net.NioEndpoint$SocketProcessor.doRun(NioEndpoint.java:1744)
	at org.apache.tomcat.util.net.SocketProcessorBase.run(SocketProcessorBase.java:52)
	at org.apache.tomcat.util.threads.ThreadPoolExecutor.runWorker(ThreadPoolExecutor.java:1191)
	at org.apache.tomcat.util.threads.ThreadPoolExecutor$Worker.run(ThreadPoolExecutor.java:659)
	at org.apache.tomcat.util.threads.TaskThread$WrappingRunnable.run(TaskThread.java:63)
	at java.base/java.lang.Thread.run(Thread.java:1474)
Caused by: com.fasterxml.jackson.databind.exc.InvalidFormatException: Cannot deserialize value of type `java.time.LocalDateTime` from String "2026-07-12 09:00:00": Failed to deserialize java.time.LocalDateTime: (java.time.format.DateTimeParseException) Text '2026-07-12 09:00:00' could not be parsed at index 10
 at [Source: (org.springframework.util.StreamUtils$NonClosingInputStream); line: 1, column: 38] (through reference chain: com.smartproperty.entity.Appointment["appointmentTime"])
	at com.fasterxml.jackson.databind.exc.InvalidFormatException.from(InvalidFormatException.java:67)
	at com.fasterxml.jackson.databind.DeserializationContext.weirdStringException(DeserializationContext.java:2002)
	at com.fasterxml.jackson.databind.DeserializationContext.handleWeirdStringValue(DeserializationContext.java:1230)
	at com.fasterxml.jackson.datatype.jsr310.deser.JSR310DeserializerBase._handleDateTimeException(JSR310DeserializerBase.java:176)
	at com.fasterxml.jackson.datatype.jsr310.deser.LocalDateTimeDeserializer._fromString(LocalDateTimeDeserializer.java:179)
	at com.fasterxml.jackson.datatype.jsr310.deser.LocalDateTimeDeserializer.deserialize(LocalDateTimeDeserializer.java:81)
	at com.fasterxml.jackson.datatype.jsr310.deser.LocalDateTimeDeserializer.deserialize(LocalDateTimeDeserializer.java:40)
	at com.fasterxml.jackson.databind.deser.impl.MethodProperty.deserializeAndSet(MethodProperty.java:129)
	at com.fasterxml.jackson.databind.deser.BeanDeserializer.deserializeFromObject(BeanDeserializer.java:392)
	at com.fasterxml.jackson.databind.deser.BeanDeserializer.deserialize(BeanDeserializer.java:185)
	at com.fasterxml.jackson.databind.deser.DefaultDeserializationContext.readRootValue(DefaultDeserializationContext.java:323)
	at com.fasterxml.jackson.databind.ObjectReader._bindAndClose(ObjectReader.java:2105)
	at com.fasterxml.jackson.databind.ObjectReader.readValue(ObjectReader.java:1481)
	at org.springframework.http.converter.json.AbstractJackson2HttpMessageConverter.readJavaType(AbstractJackson2HttpMessageConverter.java:395)
	... 95 common frames omitted
Caused by: java.time.format.DateTimeParseException: Text '2026-07-12 09:00:00' could not be parsed at index 10
	at java.base/java.time.format.DateTimeFormatter.parseResolved0(DateTimeFormatter.java:2108)
	at java.base/java.time.format.DateTimeFormatter.parse(DateTimeFormatter.java:2010)
	at java.base/java.time.LocalDateTime.parse(LocalDateTime.java:496)
	at com.fasterxml.jackson.datatype.jsr310.deser.LocalDateTimeDeserializer._fromString(LocalDateTimeDeserializer.java:177)
	... 104 common frames omitted
2026-07-11 19:54:40 [http-nio-8080-exec-6] INFO  com.smartproperty.controller.AIController - 用户 5 请求智能推荐，数量: 8
2026-07-11 19:54:40 [http-nio-8080-exec-6] INFO  com.smartproperty.service.impl.AIServiceImpl - 为用户 5 生成推荐，限制 8 条
2026-07-11 19:54:40 [http-nio-8080-exec-6] INFO  com.smartproperty.service.RecommendationService - 开始为用户 5 生成推荐，数量限制: 8
2026-07-11 19:54:40 [http-nio-8080-exec-6] INFO  com.smartproperty.service.RecommendationService - 用户浏览历史: 12 条，收藏: 1 个
2026-07-11 19:54:40 [http-nio-8080-exec-6] INFO  com.smartproperty.service.RecommendationService - 用户偏好分析完成: 城市=南宁, 区域=高明区, 类型=0, 交易类型=0, 价格=33284.80, 面积=89.20
2026-07-11 19:54:40 [http-nio-8080-exec-6] INFO  com.smartproperty.service.RecommendationService - 候选房源数量: 200
2026-07-11 19:54:40 [http-nio-8080-exec-6] INFO  com.smartproperty.service.RecommendationService - 推荐生成完成，返回 8 个房源
2026-07-11 19:54:40 [http-nio-8080-exec-6] INFO  com.smartproperty.service.impl.AIServiceImpl - 推荐日志已保存，共 8 条
2026-07-11 19:54:40 [http-nio-8080-exec-6] INFO  com.smartproperty.controller.AIController - 推荐成功，返回 8 条房源
2026-07-11 19:59:24 [http-nio-8080-exec-7] INFO  com.smartproperty.controller.AIController - 用户 5 请求智能推荐，数量: 6
2026-07-11 19:59:24 [http-nio-8080-exec-7] INFO  com.smartproperty.service.impl.AIServiceImpl - 为用户 5 生成推荐，限制 6 条
2026-07-11 19:59:24 [http-nio-8080-exec-7] INFO  com.smartproperty.service.RecommendationService - 开始为用户 5 生成推荐，数量限制: 6
2026-07-11 19:59:24 [http-nio-8080-exec-7] INFO  com.smartproperty.service.RecommendationService - 用户浏览历史: 12 条，收藏: 1 个
2026-07-11 19:59:24 [http-nio-8080-exec-7] INFO  com.smartproperty.service.RecommendationService - 用户偏好分析完成: 城市=南宁, 区域=高明区, 类型=0, 交易类型=0, 价格=33284.80, 面积=89.20
2026-07-11 19:59:24 [http-nio-8080-exec-7] INFO  com.smartproperty.service.RecommendationService - 候选房源数量: 200
2026-07-11 19:59:24 [http-nio-8080-exec-7] INFO  com.smartproperty.service.RecommendationService - 推荐生成完成，返回 6 个房源
2026-07-11 19:59:24 [http-nio-8080-exec-7] INFO  com.smartproperty.service.impl.AIServiceImpl - 推荐日志已保存，共 6 条
2026-07-11 19:59:24 [http-nio-8080-exec-7] INFO  com.smartproperty.controller.AIController - 推荐成功，返回 6 条房源
2026-07-11 20:02:02 [http-nio-8080-exec-5] INFO  com.smartproperty.controller.AIController - 用户 5 请求智能推荐，数量: 6
2026-07-11 20:02:02 [http-nio-8080-exec-5] INFO  com.smartproperty.service.impl.AIServiceImpl - 为用户 5 生成推荐，限制 6 条
2026-07-11 20:02:02 [http-nio-8080-exec-5] INFO  com.smartproperty.service.RecommendationService - 开始为用户 5 生成推荐，数量限制: 6
2026-07-11 20:02:02 [http-nio-8080-exec-5] INFO  com.smartproperty.service.RecommendationService - 用户浏览历史: 12 条，收藏: 1 个
2026-07-11 20:02:02 [http-nio-8080-exec-5] INFO  com.smartproperty.service.RecommendationService - 用户偏好分析完成: 城市=南宁, 区域=高明区, 类型=0, 交易类型=0, 价格=33284.80, 面积=89.20
2026-07-11 20:02:02 [http-nio-8080-exec-5] INFO  com.smartproperty.service.RecommendationService - 候选房源数量: 200
2026-07-11 20:02:02 [http-nio-8080-exec-5] INFO  com.smartproperty.service.RecommendationService - 推荐生成完成，返回 6 个房源
2026-07-11 20:02:02 [http-nio-8080-exec-5] INFO  com.smartproperty.service.impl.AIServiceImpl - 推荐日志已保存，共 6 条
2026-07-11 20:02:02 [http-nio-8080-exec-5] INFO  com.smartproperty.controller.AIController - 推荐成功，返回 6 条房源
2026-07-11 20:02:21 [task-7] DEBUG com.smartproperty.service.UserBehaviorService - 未登录用户浏览房源，不记录行为日志
2026-07-11 20:02:21 [http-nio-8080-exec-10] INFO  com.smartproperty.controller.AIController - 记录用户 5 行为: view 房源 6572
2026-07-11 20:02:21 [http-nio-8080-exec-10] INFO  com.smartproperty.service.impl.AIServiceImpl - 记录用户 5 行为: view 房源 6572
2026-07-11 20:02:21 [http-nio-8080-exec-10] INFO  com.smartproperty.service.impl.AIServiceImpl - 用户行为日志已保存
2026-07-11 20:02:35 [http-nio-8080-exec-3] ERROR c.smartproperty.exception.GlobalExceptionHandler - 业务逻辑异常: JSON parse error: Cannot deserialize value of type `java.time.LocalDateTime` from String "2026-07-11 09:00:00": Failed to deserialize java.time.LocalDateTime: (java.time.format.DateTimeParseException) Text '2026-07-11 09:00:00' could not be parsed at index 10
org.springframework.http.converter.HttpMessageNotReadableException: JSON parse error: Cannot deserialize value of type `java.time.LocalDateTime` from String "2026-07-11 09:00:00": Failed to deserialize java.time.LocalDateTime: (java.time.format.DateTimeParseException) Text '2026-07-11 09:00:00' could not be parsed at index 10
	at org.springframework.http.converter.json.AbstractJackson2HttpMessageConverter.readJavaType(AbstractJackson2HttpMessageConverter.java:406)
	at org.springframework.http.converter.json.AbstractJackson2HttpMessageConverter.read(AbstractJackson2HttpMessageConverter.java:354)
	at org.springframework.web.servlet.mvc.method.annotation.AbstractMessageConverterMethodArgumentResolver.readWithMessageConverters(AbstractMessageConverterMethodArgumentResolver.java:183)
	at org.springframework.web.servlet.mvc.method.annotation.RequestResponseBodyMethodProcessor.readWithMessageConverters(RequestResponseBodyMethodProcessor.java:163)
	at org.springframework.web.servlet.mvc.method.annotation.RequestResponseBodyMethodProcessor.resolveArgument(RequestResponseBodyMethodProcessor.java:136)
	at org.springframework.web.method.support.HandlerMethodArgumentResolverComposite.resolveArgument(HandlerMethodArgumentResolverComposite.java:122)
	at org.springframework.web.method.support.InvocableHandlerMethod.getMethodArgumentValues(InvocableHandlerMethod.java:179)
	at org.springframework.web.method.support.InvocableHandlerMethod.invokeForRequest(InvocableHandlerMethod.java:146)
	at org.springframework.web.servlet.mvc.method.annotation.ServletInvocableHandlerMethod.invokeAndHandle(ServletInvocableHandlerMethod.java:118)
	at org.springframework.web.servlet.mvc.method.annotation.RequestMappingHandlerAdapter.invokeHandlerMethod(RequestMappingHandlerAdapter.java:887)
	at org.springframework.web.servlet.mvc.method.annotation.RequestMappingHandlerAdapter.handleInternal(RequestMappingHandlerAdapter.java:798)
	at org.springframework.web.servlet.mvc.method.AbstractHandlerMethodAdapter.handle(AbstractHandlerMethodAdapter.java:87)
	at org.springframework.web.servlet.DispatcherServlet.doDispatch(DispatcherServlet.java:1081)
	at org.springframework.web.servlet.DispatcherServlet.doService(DispatcherServlet.java:974)
	at org.springframework.web.servlet.FrameworkServlet.processRequest(FrameworkServlet.java:1014)
	at org.springframework.web.servlet.FrameworkServlet.doPost(FrameworkServlet.java:914)
	at jakarta.servlet.http.HttpServlet.service(HttpServlet.java:590)
	at org.springframework.web.servlet.FrameworkServlet.service(FrameworkServlet.java:885)
	at jakarta.servlet.http.HttpServlet.service(HttpServlet.java:658)
	at org.apache.catalina.core.ApplicationFilterChain.internalDoFilter(ApplicationFilterChain.java:205)
	at org.apache.catalina.core.ApplicationFilterChain.doFilter(ApplicationFilterChain.java:149)
	at org.apache.tomcat.websocket.server.WsFilter.doFilter(WsFilter.java:51)
	at org.apache.catalina.core.ApplicationFilterChain.internalDoFilter(ApplicationFilterChain.java:174)
	at org.apache.catalina.core.ApplicationFilterChain.doFilter(ApplicationFilterChain.java:149)
	at org.springframework.web.filter.CompositeFilter$VirtualFilterChain.doFilter(CompositeFilter.java:108)
	at org.springframework.security.web.FilterChainProxy.lambda$doFilterInternal$3(FilterChainProxy.java:231)
	at org.springframework.security.web.FilterChainProxy$VirtualFilterChain.doFilter(FilterChainProxy.java:365)
	at org.springframework.security.web.access.intercept.AuthorizationFilter.doFilter(AuthorizationFilter.java:100)
	at org.springframework.security.web.FilterChainProxy$VirtualFilterChain.doFilter(FilterChainProxy.java:374)
	at org.springframework.security.web.access.ExceptionTranslationFilter.doFilter(ExceptionTranslationFilter.java:126)
	at org.springframework.security.web.access.ExceptionTranslationFilter.doFilter(ExceptionTranslationFilter.java:120)
	at org.springframework.security.web.FilterChainProxy$VirtualFilterChain.doFilter(FilterChainProxy.java:374)
	at org.springframework.security.web.authentication.AnonymousAuthenticationFilter.doFilter(AnonymousAuthenticationFilter.java:100)
	at org.springframework.security.web.FilterChainProxy$VirtualFilterChain.doFilter(FilterChainProxy.java:374)
	at org.springframework.security.web.servletapi.SecurityContextHolderAwareRequestFilter.doFilter(SecurityContextHolderAwareRequestFilter.java:179)
	at org.springframework.security.web.FilterChainProxy$VirtualFilterChain.doFilter(FilterChainProxy.java:374)
	at org.springframework.security.web.savedrequest.RequestCacheAwareFilter.doFilter(RequestCacheAwareFilter.java:63)
	at org.springframework.security.web.FilterChainProxy$VirtualFilterChain.doFilter(FilterChainProxy.java:374)
	at org.springframework.security.web.authentication.logout.LogoutFilter.doFilter(LogoutFilter.java:107)
	at org.springframework.security.web.authentication.logout.LogoutFilter.doFilter(LogoutFilter.java:93)
	at org.springframework.security.web.FilterChainProxy$VirtualFilterChain.doFilter(FilterChainProxy.java:374)
	at org.springframework.web.filter.CorsFilter.doFilterInternal(CorsFilter.java:91)
	at org.springframework.web.filter.OncePerRequestFilter.doFilter(OncePerRequestFilter.java:116)
	at org.springframework.security.web.FilterChainProxy$VirtualFilterChain.doFilter(FilterChainProxy.java:374)
	at org.springframework.security.web.header.HeaderWriterFilter.doHeadersAfter(HeaderWriterFilter.java:90)
	at org.springframework.security.web.header.HeaderWriterFilter.doFilterInternal(HeaderWriterFilter.java:75)
	at org.springframework.web.filter.OncePerRequestFilter.doFilter(OncePerRequestFilter.java:116)
	at org.springframework.security.web.FilterChainProxy$VirtualFilterChain.doFilter(FilterChainProxy.java:374)
	at org.springframework.security.web.context.SecurityContextHolderFilter.doFilter(SecurityContextHolderFilter.java:82)
	at org.springframework.security.web.context.SecurityContextHolderFilter.doFilter(SecurityContextHolderFilter.java:69)
	at org.springframework.security.web.FilterChainProxy$VirtualFilterChain.doFilter(FilterChainProxy.java:374)
	at org.springframework.security.web.context.request.async.WebAsyncManagerIntegrationFilter.doFilterInternal(WebAsyncManagerIntegrationFilter.java:62)
	at org.springframework.web.filter.OncePerRequestFilter.doFilter(OncePerRequestFilter.java:116)
	at org.springframework.security.web.FilterChainProxy$VirtualFilterChain.doFilter(FilterChainProxy.java:374)
	at org.springframework.security.web.session.DisableEncodeUrlFilter.doFilterInternal(DisableEncodeUrlFilter.java:42)
	at org.springframework.web.filter.OncePerRequestFilter.doFilter(OncePerRequestFilter.java:116)
	at org.springframework.security.web.FilterChainProxy$VirtualFilterChain.doFilter(FilterChainProxy.java:374)
	at org.springframework.security.web.FilterChainProxy.doFilterInternal(FilterChainProxy.java:233)
	at org.springframework.security.web.FilterChainProxy.doFilter(FilterChainProxy.java:191)
	at org.springframework.web.filter.CompositeFilter$VirtualFilterChain.doFilter(CompositeFilter.java:113)
	at org.springframework.web.servlet.handler.HandlerMappingIntrospector.lambda$createCacheFilter$3(HandlerMappingIntrospector.java:195)
	at org.springframework.web.filter.CompositeFilter$VirtualFilterChain.doFilter(CompositeFilter.java:113)
	at org.springframework.web.filter.CompositeFilter.doFilter(CompositeFilter.java:74)
	at org.springframework.security.config.annotation.web.configuration.WebMvcSecurityConfiguration$CompositeFilterChainProxy.doFilter(WebMvcSecurityConfiguration.java:230)
	at org.springframework.web.filter.DelegatingFilterProxy.invokeDelegate(DelegatingFilterProxy.java:352)
	at org.springframework.web.filter.DelegatingFilterProxy.doFilter(DelegatingFilterProxy.java:268)
	at org.apache.catalina.core.ApplicationFilterChain.internalDoFilter(ApplicationFilterChain.java:174)
	at org.apache.catalina.core.ApplicationFilterChain.doFilter(ApplicationFilterChain.java:149)
	at org.springframework.web.filter.RequestContextFilter.doFilterInternal(RequestContextFilter.java:100)
	at org.springframework.web.filter.OncePerRequestFilter.doFilter(OncePerRequestFilter.java:116)
	at org.apache.catalina.core.ApplicationFilterChain.internalDoFilter(ApplicationFilterChain.java:174)
	at org.apache.catalina.core.ApplicationFilterChain.doFilter(ApplicationFilterChain.java:149)
	at org.springframework.web.filter.FormContentFilter.doFilterInternal(FormContentFilter.java:93)
	at org.springframework.web.filter.OncePerRequestFilter.doFilter(OncePerRequestFilter.java:116)
	at org.apache.catalina.core.ApplicationFilterChain.internalDoFilter(ApplicationFilterChain.java:174)
	at org.apache.catalina.core.ApplicationFilterChain.doFilter(ApplicationFilterChain.java:149)
	at org.springframework.web.filter.CharacterEncodingFilter.doFilterInternal(CharacterEncodingFilter.java:201)
	at org.springframework.web.filter.OncePerRequestFilter.doFilter(OncePerRequestFilter.java:116)
	at org.apache.catalina.core.ApplicationFilterChain.internalDoFilter(ApplicationFilterChain.java:174)
	at org.apache.catalina.core.ApplicationFilterChain.doFilter(ApplicationFilterChain.java:149)
	at org.apache.catalina.core.StandardWrapperValve.invoke(StandardWrapperValve.java:167)
	at org.apache.catalina.core.StandardContextValve.invoke(StandardContextValve.java:90)
	at org.apache.catalina.authenticator.AuthenticatorBase.invoke(AuthenticatorBase.java:482)
	at org.apache.catalina.core.StandardHostValve.invoke(StandardHostValve.java:115)
	at org.apache.catalina.valves.ErrorReportValve.invoke(ErrorReportValve.java:93)
	at org.apache.catalina.core.StandardEngineValve.invoke(StandardEngineValve.java:74)
	at org.apache.catalina.connector.CoyoteAdapter.service(CoyoteAdapter.java:344)
	at org.apache.coyote.http11.Http11Processor.service(Http11Processor.java:391)
	at org.apache.coyote.AbstractProcessorLight.process(AbstractProcessorLight.java:63)
	at org.apache.coyote.AbstractProtocol$ConnectionHandler.process(AbstractProtocol.java:896)
	at org.apache.tomcat.util.net.NioEndpoint$SocketProcessor.doRun(NioEndpoint.java:1744)
	at org.apache.tomcat.util.net.SocketProcessorBase.run(SocketProcessorBase.java:52)
	at org.apache.tomcat.util.threads.ThreadPoolExecutor.runWorker(ThreadPoolExecutor.java:1191)
	at org.apache.tomcat.util.threads.ThreadPoolExecutor$Worker.run(ThreadPoolExecutor.java:659)
	at org.apache.tomcat.util.threads.TaskThread$WrappingRunnable.run(TaskThread.java:63)
	at java.base/java.lang.Thread.run(Thread.java:1474)
Caused by: com.fasterxml.jackson.databind.exc.InvalidFormatException: Cannot deserialize value of type `java.time.LocalDateTime` from String "2026-07-11 09:00:00": Failed to deserialize java.time.LocalDateTime: (java.time.format.DateTimeParseException) Text '2026-07-11 09:00:00' could not be parsed at index 10
 at [Source: (org.springframework.util.StreamUtils$NonClosingInputStream); line: 1, column: 38] (through reference chain: com.smartproperty.entity.Appointment["appointmentTime"])
	at com.fasterxml.jackson.databind.exc.InvalidFormatException.from(InvalidFormatException.java:67)
	at com.fasterxml.jackson.databind.DeserializationContext.weirdStringException(DeserializationContext.java:2002)
	at com.fasterxml.jackson.databind.DeserializationContext.handleWeirdStringValue(DeserializationContext.java:1230)
	at com.fasterxml.jackson.datatype.jsr310.deser.JSR310DeserializerBase._handleDateTimeException(JSR310DeserializerBase.java:176)
	at com.fasterxml.jackson.datatype.jsr310.deser.LocalDateTimeDeserializer._fromString(LocalDateTimeDeserializer.java:179)
	at com.fasterxml.jackson.datatype.jsr310.deser.LocalDateTimeDeserializer.deserialize(LocalDateTimeDeserializer.java:81)
	at com.fasterxml.jackson.datatype.jsr310.deser.LocalDateTimeDeserializer.deserialize(LocalDateTimeDeserializer.java:40)
	at com.fasterxml.jackson.databind.deser.impl.MethodProperty.deserializeAndSet(MethodProperty.java:129)
	at com.fasterxml.jackson.databind.deser.BeanDeserializer.deserializeFromObject(BeanDeserializer.java:392)
	at com.fasterxml.jackson.databind.deser.BeanDeserializer.deserialize(BeanDeserializer.java:185)
	at com.fasterxml.jackson.databind.deser.DefaultDeserializationContext.readRootValue(DefaultDeserializationContext.java:323)
	at com.fasterxml.jackson.databind.ObjectReader._bindAndClose(ObjectReader.java:2105)
	at com.fasterxml.jackson.databind.ObjectReader.readValue(ObjectReader.java:1481)
	at org.springframework.http.converter.json.AbstractJackson2HttpMessageConverter.readJavaType(AbstractJackson2HttpMessageConverter.java:395)
	... 95 common frames omitted
Caused by: java.time.format.DateTimeParseException: Text '2026-07-11 09:00:00' could not be parsed at index 10
	at java.base/java.time.format.DateTimeFormatter.parseResolved0(DateTimeFormatter.java:2108)
	at java.base/java.time.format.DateTimeFormatter.parse(DateTimeFormatter.java:2010)
	at java.base/java.time.LocalDateTime.parse(LocalDateTime.java:496)
	at com.fasterxml.jackson.datatype.jsr310.deser.LocalDateTimeDeserializer._fromString(LocalDateTimeDeserializer.java:177)
	... 104 common frames omitted
2026-07-11 20:02:48 [http-nio-8080-exec-8] ERROR c.smartproperty.exception.GlobalExceptionHandler - 业务逻辑异常: JSON parse error: Cannot deserialize value of type `java.time.LocalDateTime` from String "2026-07-11 09:00:00": Failed to deserialize java.time.LocalDateTime: (java.time.format.DateTimeParseException) Text '2026-07-11 09:00:00' could not be parsed at index 10
org.springframework.http.converter.HttpMessageNotReadableException: JSON parse error: Cannot deserialize value of type `java.time.LocalDateTime` from String "2026-07-11 09:00:00": Failed to deserialize java.time.LocalDateTime: (java.time.format.DateTimeParseException) Text '2026-07-11 09:00:00' could not be parsed at index 10
	at org.springframework.http.converter.json.AbstractJackson2HttpMessageConverter.readJavaType(AbstractJackson2HttpMessageConverter.java:406)
	at org.springframework.http.converter.json.AbstractJackson2HttpMessageConverter.read(AbstractJackson2HttpMessageConverter.java:354)
	at org.springframework.web.servlet.mvc.method.annotation.AbstractMessageConverterMethodArgumentResolver.readWithMessageConverters(AbstractMessageConverterMethodArgumentResolver.java:183)
	at org.springframework.web.servlet.mvc.method.annotation.RequestResponseBodyMethodProcessor.readWithMessageConverters(RequestResponseBodyMethodProcessor.java:163)
	at org.springframework.web.servlet.mvc.method.annotation.RequestResponseBodyMethodProcessor.resolveArgument(RequestResponseBodyMethodProcessor.java:136)
	at org.springframework.web.method.support.HandlerMethodArgumentResolverComposite.resolveArgument(HandlerMethodArgumentResolverComposite.java:122)
	at org.springframework.web.method.support.InvocableHandlerMethod.getMethodArgumentValues(InvocableHandlerMethod.java:179)
	at org.springframework.web.method.support.InvocableHandlerMethod.invokeForRequest(InvocableHandlerMethod.java:146)
	at org.springframework.web.servlet.mvc.method.annotation.ServletInvocableHandlerMethod.invokeAndHandle(ServletInvocableHandlerMethod.java:118)
	at org.springframework.web.servlet.mvc.method.annotation.RequestMappingHandlerAdapter.invokeHandlerMethod(RequestMappingHandlerAdapter.java:887)
	at org.springframework.web.servlet.mvc.method.annotation.RequestMappingHandlerAdapter.handleInternal(RequestMappingHandlerAdapter.java:798)
	at org.springframework.web.servlet.mvc.method.AbstractHandlerMethodAdapter.handle(AbstractHandlerMethodAdapter.java:87)
	at org.springframework.web.servlet.DispatcherServlet.doDispatch(DispatcherServlet.java:1081)
	at org.springframework.web.servlet.DispatcherServlet.doService(DispatcherServlet.java:974)
	at org.springframework.web.servlet.FrameworkServlet.processRequest(FrameworkServlet.java:1014)
	at org.springframework.web.servlet.FrameworkServlet.doPost(FrameworkServlet.java:914)
	at jakarta.servlet.http.HttpServlet.service(HttpServlet.java:590)
	at org.springframework.web.servlet.FrameworkServlet.service(FrameworkServlet.java:885)
	at jakarta.servlet.http.HttpServlet.service(HttpServlet.java:658)
	at org.apache.catalina.core.ApplicationFilterChain.internalDoFilter(ApplicationFilterChain.java:205)
	at org.apache.catalina.core.ApplicationFilterChain.doFilter(ApplicationFilterChain.java:149)
	at org.apache.tomcat.websocket.server.WsFilter.doFilter(WsFilter.java:51)
	at org.apache.catalina.core.ApplicationFilterChain.internalDoFilter(ApplicationFilterChain.java:174)
	at org.apache.catalina.core.ApplicationFilterChain.doFilter(ApplicationFilterChain.java:149)
	at org.springframework.web.filter.CompositeFilter$VirtualFilterChain.doFilter(CompositeFilter.java:108)
	at org.springframework.security.web.FilterChainProxy.lambda$doFilterInternal$3(FilterChainProxy.java:231)
	at org.springframework.security.web.FilterChainProxy$VirtualFilterChain.doFilter(FilterChainProxy.java:365)
	at org.springframework.security.web.access.intercept.AuthorizationFilter.doFilter(AuthorizationFilter.java:100)
	at org.springframework.security.web.FilterChainProxy$VirtualFilterChain.doFilter(FilterChainProxy.java:374)
	at org.springframework.security.web.access.ExceptionTranslationFilter.doFilter(ExceptionTranslationFilter.java:126)
	at org.springframework.security.web.access.ExceptionTranslationFilter.doFilter(ExceptionTranslationFilter.java:120)
	at org.springframework.security.web.FilterChainProxy$VirtualFilterChain.doFilter(FilterChainProxy.java:374)
	at org.springframework.security.web.authentication.AnonymousAuthenticationFilter.doFilter(AnonymousAuthenticationFilter.java:100)
	at org.springframework.security.web.FilterChainProxy$VirtualFilterChain.doFilter(FilterChainProxy.java:374)
	at org.springframework.security.web.servletapi.SecurityContextHolderAwareRequestFilter.doFilter(SecurityContextHolderAwareRequestFilter.java:179)
	at org.springframework.security.web.FilterChainProxy$VirtualFilterChain.doFilter(FilterChainProxy.java:374)
	at org.springframework.security.web.savedrequest.RequestCacheAwareFilter.doFilter(RequestCacheAwareFilter.java:63)
	at org.springframework.security.web.FilterChainProxy$VirtualFilterChain.doFilter(FilterChainProxy.java:374)
	at org.springframework.security.web.authentication.logout.LogoutFilter.doFilter(LogoutFilter.java:107)
	at org.springframework.security.web.authentication.logout.LogoutFilter.doFilter(LogoutFilter.java:93)
	at org.springframework.security.web.FilterChainProxy$VirtualFilterChain.doFilter(FilterChainProxy.java:374)
	at org.springframework.web.filter.CorsFilter.doFilterInternal(CorsFilter.java:91)
	at org.springframework.web.filter.OncePerRequestFilter.doFilter(OncePerRequestFilter.java:116)
	at org.springframework.security.web.FilterChainProxy$VirtualFilterChain.doFilter(FilterChainProxy.java:374)
	at org.springframework.security.web.header.HeaderWriterFilter.doHeadersAfter(HeaderWriterFilter.java:90)
	at org.springframework.security.web.header.HeaderWriterFilter.doFilterInternal(HeaderWriterFilter.java:75)
	at org.springframework.web.filter.OncePerRequestFilter.doFilter(OncePerRequestFilter.java:116)
	at org.springframework.security.web.FilterChainProxy$VirtualFilterChain.doFilter(FilterChainProxy.java:374)
	at org.springframework.security.web.context.SecurityContextHolderFilter.doFilter(SecurityContextHolderFilter.java:82)
	at org.springframework.security.web.context.SecurityContextHolderFilter.doFilter(SecurityContextHolderFilter.java:69)
	at org.springframework.security.web.FilterChainProxy$VirtualFilterChain.doFilter(FilterChainProxy.java:374)
	at org.springframework.security.web.context.request.async.WebAsyncManagerIntegrationFilter.doFilterInternal(WebAsyncManagerIntegrationFilter.java:62)
	at org.springframework.web.filter.OncePerRequestFilter.doFilter(OncePerRequestFilter.java:116)
	at org.springframework.security.web.FilterChainProxy$VirtualFilterChain.doFilter(FilterChainProxy.java:374)
	at org.springframework.security.web.session.DisableEncodeUrlFilter.doFilterInternal(DisableEncodeUrlFilter.java:42)
	at org.springframework.web.filter.OncePerRequestFilter.doFilter(OncePerRequestFilter.java:116)
	at org.springframework.security.web.FilterChainProxy$VirtualFilterChain.doFilter(FilterChainProxy.java:374)
	at org.springframework.security.web.FilterChainProxy.doFilterInternal(FilterChainProxy.java:233)
	at org.springframework.security.web.FilterChainProxy.doFilter(FilterChainProxy.java:191)
	at org.springframework.web.filter.CompositeFilter$VirtualFilterChain.doFilter(CompositeFilter.java:113)
	at org.springframework.web.servlet.handler.HandlerMappingIntrospector.lambda$createCacheFilter$3(HandlerMappingIntrospector.java:195)
	at org.springframework.web.filter.CompositeFilter$VirtualFilterChain.doFilter(CompositeFilter.java:113)
	at org.springframework.web.filter.CompositeFilter.doFilter(CompositeFilter.java:74)
	at org.springframework.security.config.annotation.web.configuration.WebMvcSecurityConfiguration$CompositeFilterChainProxy.doFilter(WebMvcSecurityConfiguration.java:230)
	at org.springframework.web.filter.DelegatingFilterProxy.invokeDelegate(DelegatingFilterProxy.java:352)
	at org.springframework.web.filter.DelegatingFilterProxy.doFilter(DelegatingFilterProxy.java:268)
	at org.apache.catalina.core.ApplicationFilterChain.internalDoFilter(ApplicationFilterChain.java:174)
	at org.apache.catalina.core.ApplicationFilterChain.doFilter(ApplicationFilterChain.java:149)
	at org.springframework.web.filter.RequestContextFilter.doFilterInternal(RequestContextFilter.java:100)
	at org.springframework.web.filter.OncePerRequestFilter.doFilter(OncePerRequestFilter.java:116)
	at org.apache.catalina.core.ApplicationFilterChain.internalDoFilter(ApplicationFilterChain.java:174)
	at org.apache.catalina.core.ApplicationFilterChain.doFilter(ApplicationFilterChain.java:149)
	at org.springframework.web.filter.FormContentFilter.doFilterInternal(FormContentFilter.java:93)
	at org.springframework.web.filter.OncePerRequestFilter.doFilter(OncePerRequestFilter.java:116)
	at org.apache.catalina.core.ApplicationFilterChain.internalDoFilter(ApplicationFilterChain.java:174)
	at org.apache.catalina.core.ApplicationFilterChain.doFilter(ApplicationFilterChain.java:149)
	at org.springframework.web.filter.CharacterEncodingFilter.doFilterInternal(CharacterEncodingFilter.java:201)
	at org.springframework.web.filter.OncePerRequestFilter.doFilter(OncePerRequestFilter.java:116)
	at org.apache.catalina.core.ApplicationFilterChain.internalDoFilter(ApplicationFilterChain.java:174)
	at org.apache.catalina.core.ApplicationFilterChain.doFilter(ApplicationFilterChain.java:149)
	at org.apache.catalina.core.StandardWrapperValve.invoke(StandardWrapperValve.java:167)
	at org.apache.catalina.core.StandardContextValve.invoke(StandardContextValve.java:90)
	at org.apache.catalina.authenticator.AuthenticatorBase.invoke(AuthenticatorBase.java:482)
	at org.apache.catalina.core.StandardHostValve.invoke(StandardHostValve.java:115)
	at org.apache.catalina.valves.ErrorReportValve.invoke(ErrorReportValve.java:93)
	at org.apache.catalina.core.StandardEngineValve.invoke(StandardEngineValve.java:74)
	at org.apache.catalina.connector.CoyoteAdapter.service(CoyoteAdapter.java:344)
	at org.apache.coyote.http11.Http11Processor.service(Http11Processor.java:391)
	at org.apache.coyote.AbstractProcessorLight.process(AbstractProcessorLight.java:63)
	at org.apache.coyote.AbstractProtocol$ConnectionHandler.process(AbstractProtocol.java:896)
	at org.apache.tomcat.util.net.NioEndpoint$SocketProcessor.doRun(NioEndpoint.java:1744)
	at org.apache.tomcat.util.net.SocketProcessorBase.run(SocketProcessorBase.java:52)
	at org.apache.tomcat.util.threads.ThreadPoolExecutor.runWorker(ThreadPoolExecutor.java:1191)
	at org.apache.tomcat.util.threads.ThreadPoolExecutor$Worker.run(ThreadPoolExecutor.java:659)
	at org.apache.tomcat.util.threads.TaskThread$WrappingRunnable.run(TaskThread.java:63)
	at java.base/java.lang.Thread.run(Thread.java:1474)
Caused by: com.fasterxml.jackson.databind.exc.InvalidFormatException: Cannot deserialize value of type `java.time.LocalDateTime` from String "2026-07-11 09:00:00": Failed to deserialize java.time.LocalDateTime: (java.time.format.DateTimeParseException) Text '2026-07-11 09:00:00' could not be parsed at index 10
 at [Source: (org.springframework.util.StreamUtils$NonClosingInputStream); line: 1, column: 38] (through reference chain: com.smartproperty.entity.Appointment["appointmentTime"])
	at com.fasterxml.jackson.databind.exc.InvalidFormatException.from(InvalidFormatException.java:67)
	at com.fasterxml.jackson.databind.DeserializationContext.weirdStringException(DeserializationContext.java:2002)
	at com.fasterxml.jackson.databind.DeserializationContext.handleWeirdStringValue(DeserializationContext.java:1230)
	at com.fasterxml.jackson.datatype.jsr310.deser.JSR310DeserializerBase._handleDateTimeException(JSR310DeserializerBase.java:176)
	at com.fasterxml.jackson.datatype.jsr310.deser.LocalDateTimeDeserializer._fromString(LocalDateTimeDeserializer.java:179)
	at com.fasterxml.jackson.datatype.jsr310.deser.LocalDateTimeDeserializer.deserialize(LocalDateTimeDeserializer.java:81)
	at com.fasterxml.jackson.datatype.jsr310.deser.LocalDateTimeDeserializer.deserialize(LocalDateTimeDeserializer.java:40)
	at com.fasterxml.jackson.databind.deser.impl.MethodProperty.deserializeAndSet(MethodProperty.java:129)
	at com.fasterxml.jackson.databind.deser.BeanDeserializer.deserializeFromObject(BeanDeserializer.java:392)
	at com.fasterxml.jackson.databind.deser.BeanDeserializer.deserialize(BeanDeserializer.java:185)
	at com.fasterxml.jackson.databind.deser.DefaultDeserializationContext.readRootValue(DefaultDeserializationContext.java:323)
	at com.fasterxml.jackson.databind.ObjectReader._bindAndClose(ObjectReader.java:2105)
	at com.fasterxml.jackson.databind.ObjectReader.readValue(ObjectReader.java:1481)
	at org.springframework.http.converter.json.AbstractJackson2HttpMessageConverter.readJavaType(AbstractJackson2HttpMessageConverter.java:395)
	... 95 common frames omitted
Caused by: java.time.format.DateTimeParseException: Text '2026-07-11 09:00:00' could not be parsed at index 10
	at java.base/java.time.format.DateTimeFormatter.parseResolved0(DateTimeFormatter.java:2108)
	at java.base/java.time.format.DateTimeFormatter.parse(DateTimeFormatter.java:2010)
	at java.base/java.time.LocalDateTime.parse(LocalDateTime.java:496)
	at com.fasterxml.jackson.datatype.jsr310.deser.LocalDateTimeDeserializer._fromString(LocalDateTimeDeserializer.java:177)
	... 104 common frames omitted
2026-07-11 20:03:05 [http-nio-8080-exec-6] ERROR c.smartproperty.exception.GlobalExceptionHandler - 业务逻辑异常: JSON parse error: Cannot deserialize value of type `java.time.LocalDateTime` from String "2026-07-12 09:00:00": Failed to deserialize java.time.LocalDateTime: (java.time.format.DateTimeParseException) Text '2026-07-12 09:00:00' could not be parsed at index 10
org.springframework.http.converter.HttpMessageNotReadableException: JSON parse error: Cannot deserialize value of type `java.time.LocalDateTime` from String "2026-07-12 09:00:00": Failed to deserialize java.time.LocalDateTime: (java.time.format.DateTimeParseException) Text '2026-07-12 09:00:00' could not be parsed at index 10
	at org.springframework.http.converter.json.AbstractJackson2HttpMessageConverter.readJavaType(AbstractJackson2HttpMessageConverter.java:406)
	at org.springframework.http.converter.json.AbstractJackson2HttpMessageConverter.read(AbstractJackson2HttpMessageConverter.java:354)
	at org.springframework.web.servlet.mvc.method.annotation.AbstractMessageConverterMethodArgumentResolver.readWithMessageConverters(AbstractMessageConverterMethodArgumentResolver.java:183)
	at org.springframework.web.servlet.mvc.method.annotation.RequestResponseBodyMethodProcessor.readWithMessageConverters(RequestResponseBodyMethodProcessor.java:163)
	at org.springframework.web.servlet.mvc.method.annotation.RequestResponseBodyMethodProcessor.resolveArgument(RequestResponseBodyMethodProcessor.java:136)
	at org.springframework.web.method.support.HandlerMethodArgumentResolverComposite.resolveArgument(HandlerMethodArgumentResolverComposite.java:122)
	at org.springframework.web.method.support.InvocableHandlerMethod.getMethodArgumentValues(InvocableHandlerMethod.java:179)
	at org.springframework.web.method.support.InvocableHandlerMethod.invokeForRequest(InvocableHandlerMethod.java:146)
	at org.springframework.web.servlet.mvc.method.annotation.ServletInvocableHandlerMethod.invokeAndHandle(ServletInvocableHandlerMethod.java:118)
	at org.springframework.web.servlet.mvc.method.annotation.RequestMappingHandlerAdapter.invokeHandlerMethod(RequestMappingHandlerAdapter.java:887)
	at org.springframework.web.servlet.mvc.method.annotation.RequestMappingHandlerAdapter.handleInternal(RequestMappingHandlerAdapter.java:798)
	at org.springframework.web.servlet.mvc.method.AbstractHandlerMethodAdapter.handle(AbstractHandlerMethodAdapter.java:87)
	at org.springframework.web.servlet.DispatcherServlet.doDispatch(DispatcherServlet.java:1081)
	at org.springframework.web.servlet.DispatcherServlet.doService(DispatcherServlet.java:974)
	at org.springframework.web.servlet.FrameworkServlet.processRequest(FrameworkServlet.java:1014)
	at org.springframework.web.servlet.FrameworkServlet.doPost(FrameworkServlet.java:914)
	at jakarta.servlet.http.HttpServlet.service(HttpServlet.java:590)
	at org.springframework.web.servlet.FrameworkServlet.service(FrameworkServlet.java:885)
	at jakarta.servlet.http.HttpServlet.service(HttpServlet.java:658)
	at org.apache.catalina.core.ApplicationFilterChain.internalDoFilter(ApplicationFilterChain.java:205)
	at org.apache.catalina.core.ApplicationFilterChain.doFilter(ApplicationFilterChain.java:149)
	at org.apache.tomcat.websocket.server.WsFilter.doFilter(WsFilter.java:51)
	at org.apache.catalina.core.ApplicationFilterChain.internalDoFilter(ApplicationFilterChain.java:174)
	at org.apache.catalina.core.ApplicationFilterChain.doFilter(ApplicationFilterChain.java:149)
	at org.springframework.web.filter.CompositeFilter$VirtualFilterChain.doFilter(CompositeFilter.java:108)
	at org.springframework.security.web.FilterChainProxy.lambda$doFilterInternal$3(FilterChainProxy.java:231)
	at org.springframework.security.web.FilterChainProxy$VirtualFilterChain.doFilter(FilterChainProxy.java:365)
	at org.springframework.security.web.access.intercept.AuthorizationFilter.doFilter(AuthorizationFilter.java:100)
	at org.springframework.security.web.FilterChainProxy$VirtualFilterChain.doFilter(FilterChainProxy.java:374)
	at org.springframework.security.web.access.ExceptionTranslationFilter.doFilter(ExceptionTranslationFilter.java:126)
	at org.springframework.security.web.access.ExceptionTranslationFilter.doFilter(ExceptionTranslationFilter.java:120)
	at org.springframework.security.web.FilterChainProxy$VirtualFilterChain.doFilter(FilterChainProxy.java:374)
	at org.springframework.security.web.authentication.AnonymousAuthenticationFilter.doFilter(AnonymousAuthenticationFilter.java:100)
	at org.springframework.security.web.FilterChainProxy$VirtualFilterChain.doFilter(FilterChainProxy.java:374)
	at org.springframework.security.web.servletapi.SecurityContextHolderAwareRequestFilter.doFilter(SecurityContextHolderAwareRequestFilter.java:179)
	at org.springframework.security.web.FilterChainProxy$VirtualFilterChain.doFilter(FilterChainProxy.java:374)
	at org.springframework.security.web.savedrequest.RequestCacheAwareFilter.doFilter(RequestCacheAwareFilter.java:63)
	at org.springframework.security.web.FilterChainProxy$VirtualFilterChain.doFilter(FilterChainProxy.java:374)
	at org.springframework.security.web.authentication.logout.LogoutFilter.doFilter(LogoutFilter.java:107)
	at org.springframework.security.web.authentication.logout.LogoutFilter.doFilter(LogoutFilter.java:93)
	at org.springframework.security.web.FilterChainProxy$VirtualFilterChain.doFilter(FilterChainProxy.java:374)
	at org.springframework.web.filter.CorsFilter.doFilterInternal(CorsFilter.java:91)
	at org.springframework.web.filter.OncePerRequestFilter.doFilter(OncePerRequestFilter.java:116)
	at org.springframework.security.web.FilterChainProxy$VirtualFilterChain.doFilter(FilterChainProxy.java:374)
	at org.springframework.security.web.header.HeaderWriterFilter.doHeadersAfter(HeaderWriterFilter.java:90)
	at org.springframework.security.web.header.HeaderWriterFilter.doFilterInternal(HeaderWriterFilter.java:75)
	at org.springframework.web.filter.OncePerRequestFilter.doFilter(OncePerRequestFilter.java:116)
	at org.springframework.security.web.FilterChainProxy$VirtualFilterChain.doFilter(FilterChainProxy.java:374)
	at org.springframework.security.web.context.SecurityContextHolderFilter.doFilter(SecurityContextHolderFilter.java:82)
	at org.springframework.security.web.context.SecurityContextHolderFilter.doFilter(SecurityContextHolderFilter.java:69)
	at org.springframework.security.web.FilterChainProxy$VirtualFilterChain.doFilter(FilterChainProxy.java:374)
	at org.springframework.security.web.context.request.async.WebAsyncManagerIntegrationFilter.doFilterInternal(WebAsyncManagerIntegrationFilter.java:62)
	at org.springframework.web.filter.OncePerRequestFilter.doFilter(OncePerRequestFilter.java:116)
	at org.springframework.security.web.FilterChainProxy$VirtualFilterChain.doFilter(FilterChainProxy.java:374)
	at org.springframework.security.web.session.DisableEncodeUrlFilter.doFilterInternal(DisableEncodeUrlFilter.java:42)
	at org.springframework.web.filter.OncePerRequestFilter.doFilter(OncePerRequestFilter.java:116)
	at org.springframework.security.web.FilterChainProxy$VirtualFilterChain.doFilter(FilterChainProxy.java:374)
	at org.springframework.security.web.FilterChainProxy.doFilterInternal(FilterChainProxy.java:233)
	at org.springframework.security.web.FilterChainProxy.doFilter(FilterChainProxy.java:191)
	at org.springframework.web.filter.CompositeFilter$VirtualFilterChain.doFilter(CompositeFilter.java:113)
	at org.springframework.web.servlet.handler.HandlerMappingIntrospector.lambda$createCacheFilter$3(HandlerMappingIntrospector.java:195)
	at org.springframework.web.filter.CompositeFilter$VirtualFilterChain.doFilter(CompositeFilter.java:113)
	at org.springframework.web.filter.CompositeFilter.doFilter(CompositeFilter.java:74)
	at org.springframework.security.config.annotation.web.configuration.WebMvcSecurityConfiguration$CompositeFilterChainProxy.doFilter(WebMvcSecurityConfiguration.java:230)
	at org.springframework.web.filter.DelegatingFilterProxy.invokeDelegate(DelegatingFilterProxy.java:352)
	at org.springframework.web.filter.DelegatingFilterProxy.doFilter(DelegatingFilterProxy.java:268)
	at org.apache.catalina.core.ApplicationFilterChain.internalDoFilter(ApplicationFilterChain.java:174)
	at org.apache.catalina.core.ApplicationFilterChain.doFilter(ApplicationFilterChain.java:149)
	at org.springframework.web.filter.RequestContextFilter.doFilterInternal(RequestContextFilter.java:100)
	at org.springframework.web.filter.OncePerRequestFilter.doFilter(OncePerRequestFilter.java:116)
	at org.apache.catalina.core.ApplicationFilterChain.internalDoFilter(ApplicationFilterChain.java:174)
	at org.apache.catalina.core.ApplicationFilterChain.doFilter(ApplicationFilterChain.java:149)
	at org.springframework.web.filter.FormContentFilter.doFilterInternal(FormContentFilter.java:93)
	at org.springframework.web.filter.OncePerRequestFilter.doFilter(OncePerRequestFilter.java:116)
	at org.apache.catalina.core.ApplicationFilterChain.internalDoFilter(ApplicationFilterChain.java:174)
	at org.apache.catalina.core.ApplicationFilterChain.doFilter(ApplicationFilterChain.java:149)
	at org.springframework.web.filter.CharacterEncodingFilter.doFilterInternal(CharacterEncodingFilter.java:201)
	at org.springframework.web.filter.OncePerRequestFilter.doFilter(OncePerRequestFilter.java:116)
	at org.apache.catalina.core.ApplicationFilterChain.internalDoFilter(ApplicationFilterChain.java:174)
	at org.apache.catalina.core.ApplicationFilterChain.doFilter(ApplicationFilterChain.java:149)
	at org.apache.catalina.core.StandardWrapperValve.invoke(StandardWrapperValve.java:167)
	at org.apache.catalina.core.StandardContextValve.invoke(StandardContextValve.java:90)
	at org.apache.catalina.authenticator.AuthenticatorBase.invoke(AuthenticatorBase.java:482)
	at org.apache.catalina.core.StandardHostValve.invoke(StandardHostValve.java:115)
	at org.apache.catalina.valves.ErrorReportValve.invoke(ErrorReportValve.java:93)
	at org.apache.catalina.core.StandardEngineValve.invoke(StandardEngineValve.java:74)
	at org.apache.catalina.connector.CoyoteAdapter.service(CoyoteAdapter.java:344)
	at org.apache.coyote.http11.Http11Processor.service(Http11Processor.java:391)
	at org.apache.coyote.AbstractProcessorLight.process(AbstractProcessorLight.java:63)
	at org.apache.coyote.AbstractProtocol$ConnectionHandler.process(AbstractProtocol.java:896)
	at org.apache.tomcat.util.net.NioEndpoint$SocketProcessor.doRun(NioEndpoint.java:1744)
	at org.apache.tomcat.util.net.SocketProcessorBase.run(SocketProcessorBase.java:52)
	at org.apache.tomcat.util.threads.ThreadPoolExecutor.runWorker(ThreadPoolExecutor.java:1191)
	at org.apache.tomcat.util.threads.ThreadPoolExecutor$Worker.run(ThreadPoolExecutor.java:659)
	at org.apache.tomcat.util.threads.TaskThread$WrappingRunnable.run(TaskThread.java:63)
	at java.base/java.lang.Thread.run(Thread.java:1474)
Caused by: com.fasterxml.jackson.databind.exc.InvalidFormatException: Cannot deserialize value of type `java.time.LocalDateTime` from String "2026-07-12 09:00:00": Failed to deserialize java.time.LocalDateTime: (java.time.format.DateTimeParseException) Text '2026-07-12 09:00:00' could not be parsed at index 10
 at [Source: (org.springframework.util.StreamUtils$NonClosingInputStream); line: 1, column: 38] (through reference chain: com.smartproperty.entity.Appointment["appointmentTime"])
	at com.fasterxml.jackson.databind.exc.InvalidFormatException.from(InvalidFormatException.java:67)
	at com.fasterxml.jackson.databind.DeserializationContext.weirdStringException(DeserializationContext.java:2002)
	at com.fasterxml.jackson.databind.DeserializationContext.handleWeirdStringValue(DeserializationContext.java:1230)
	at com.fasterxml.jackson.datatype.jsr310.deser.JSR310DeserializerBase._handleDateTimeException(JSR310DeserializerBase.java:176)
	at com.fasterxml.jackson.datatype.jsr310.deser.LocalDateTimeDeserializer._fromString(LocalDateTimeDeserializer.java:179)
	at com.fasterxml.jackson.datatype.jsr310.deser.LocalDateTimeDeserializer.deserialize(LocalDateTimeDeserializer.java:81)
	at com.fasterxml.jackson.datatype.jsr310.deser.LocalDateTimeDeserializer.deserialize(LocalDateTimeDeserializer.java:40)
	at com.fasterxml.jackson.databind.deser.impl.MethodProperty.deserializeAndSet(MethodProperty.java:129)
	at com.fasterxml.jackson.databind.deser.BeanDeserializer.deserializeFromObject(BeanDeserializer.java:392)
	at com.fasterxml.jackson.databind.deser.BeanDeserializer.deserialize(BeanDeserializer.java:185)
	at com.fasterxml.jackson.databind.deser.DefaultDeserializationContext.readRootValue(DefaultDeserializationContext.java:323)
	at com.fasterxml.jackson.databind.ObjectReader._bindAndClose(ObjectReader.java:2105)
	at com.fasterxml.jackson.databind.ObjectReader.readValue(ObjectReader.java:1481)
	at org.springframework.http.converter.json.AbstractJackson2HttpMessageConverter.readJavaType(AbstractJackson2HttpMessageConverter.java:395)
	... 95 common frames omitted
Caused by: java.time.format.DateTimeParseException: Text '2026-07-12 09:00:00' could not be parsed at index 10
	at java.base/java.time.format.DateTimeFormatter.parseResolved0(DateTimeFormatter.java:2108)
	at java.base/java.time.format.DateTimeFormatter.parse(DateTimeFormatter.java:2010)
	at java.base/java.time.LocalDateTime.parse(LocalDateTime.java:496)
	at com.fasterxml.jackson.datatype.jsr310.deser.LocalDateTimeDeserializer._fromString(LocalDateTimeDeserializer.java:177)
	... 104 common frames omitted
2026-07-11 20:04:16 [task-8] DEBUG com.smartproperty.service.UserBehaviorService - 未登录用户浏览房源，不记录行为日志
2026-07-11 20:04:16 [http-nio-8080-exec-4] INFO  com.smartproperty.controller.AIController - 记录用户 5 行为: view 房源 6572
2026-07-11 20:04:16 [http-nio-8080-exec-4] INFO  com.smartproperty.service.impl.AIServiceImpl - 记录用户 5 行为: view 房源 6572
2026-07-11 20:04:16 [http-nio-8080-exec-4] INFO  com.smartproperty.service.impl.AIServiceImpl - 用户行为日志已保存
2026-07-11 20:08:05 [task-9] DEBUG com.smartproperty.service.UserBehaviorService - 未登录用户浏览房源，不记录行为日志
2026-07-11 20:08:05 [http-nio-8080-exec-2] INFO  com.smartproperty.controller.AIController - 记录用户 5 行为: view 房源 6572
2026-07-11 20:08:05 [http-nio-8080-exec-2] INFO  com.smartproperty.service.impl.AIServiceImpl - 记录用户 5 行为: view 房源 6572
2026-07-11 20:08:05 [http-nio-8080-exec-2] INFO  com.smartproperty.service.impl.AIServiceImpl - 用户行为日志已保存
2026-07-11 20:09:16 [http-nio-8080-exec-6] INFO  com.smartproperty.controller.AIController - 记录用户 5 行为: appointment 房源 6572
2026-07-11 20:09:16 [http-nio-8080-exec-6] INFO  com.smartproperty.service.impl.AIServiceImpl - 记录用户 5 行为: appointment 房源 6572
2026-07-11 20:09:16 [http-nio-8080-exec-6] INFO  com.smartproperty.service.impl.AIServiceImpl - 用户行为日志已保存
2026-07-11 20:09:17 [http-nio-8080-exec-5] INFO  com.smartproperty.controller.AIController - 用户 5 请求智能推荐，数量: 6
2026-07-11 20:09:17 [http-nio-8080-exec-5] INFO  com.smartproperty.service.impl.AIServiceImpl - 为用户 5 生成推荐，限制 6 条
2026-07-11 20:09:17 [http-nio-8080-exec-5] INFO  com.smartproperty.service.RecommendationService - 开始为用户 5 生成推荐，数量限制: 6
2026-07-11 20:09:17 [http-nio-8080-exec-5] INFO  com.smartproperty.service.RecommendationService - 用户浏览历史: 15 条，收藏: 1 个
2026-07-11 20:09:17 [http-nio-8080-exec-5] INFO  com.smartproperty.service.RecommendationService - 用户偏好分析完成: 城市=南宁, 区域=高明区, 类型=0, 交易类型=0, 价格=33284.80, 面积=89.20
2026-07-11 20:09:17 [http-nio-8080-exec-5] INFO  com.smartproperty.service.RecommendationService - 候选房源数量: 200
2026-07-11 20:09:17 [http-nio-8080-exec-5] INFO  com.smartproperty.service.RecommendationService - 推荐生成完成，返回 6 个房源
2026-07-11 20:09:17 [http-nio-8080-exec-5] INFO  com.smartproperty.service.impl.AIServiceImpl - 推荐日志已保存，共 6 条
2026-07-11 20:09:17 [http-nio-8080-exec-5] INFO  com.smartproperty.controller.AIController - 推荐成功，返回 6 条房源
2026-07-11 20:18:20 [http-nio-8080-exec-6] INFO  com.smartproperty.controller.AIController - 用户 5 请求智能推荐，数量: 6
2026-07-11 20:18:20 [http-nio-8080-exec-6] INFO  com.smartproperty.service.impl.AIServiceImpl - 为用户 5 生成推荐，限制 6 条
2026-07-11 20:18:20 [http-nio-8080-exec-6] INFO  com.smartproperty.service.RecommendationService - 开始为用户 5 生成推荐，数量限制: 6
2026-07-11 20:18:20 [http-nio-8080-exec-6] INFO  com.smartproperty.service.RecommendationService - 用户浏览历史: 15 条，收藏: 1 个
2026-07-11 20:18:20 [http-nio-8080-exec-6] INFO  com.smartproperty.service.RecommendationService - 用户偏好分析完成: 城市=南宁, 区域=高明区, 类型=0, 交易类型=0, 价格=33284.80, 面积=89.20
2026-07-11 20:18:20 [http-nio-8080-exec-6] INFO  com.smartproperty.service.RecommendationService - 候选房源数量: 200
2026-07-11 20:18:20 [http-nio-8080-exec-6] INFO  com.smartproperty.service.RecommendationService - 推荐生成完成，返回 6 个房源
2026-07-11 20:18:20 [http-nio-8080-exec-6] INFO  com.smartproperty.service.impl.AIServiceImpl - 推荐日志已保存，共 6 条
2026-07-11 20:18:20 [http-nio-8080-exec-6] INFO  com.smartproperty.controller.AIController - 推荐成功，返回 6 条房源
2026-07-11 20:27:33 [http-nio-8080-exec-10] INFO  com.smartproperty.controller.AIController - 用户 5 请求智能推荐，数量: 6
2026-07-11 20:27:33 [http-nio-8080-exec-10] INFO  com.smartproperty.service.impl.AIServiceImpl - 为用户 5 生成推荐，限制 6 条
2026-07-11 20:27:33 [http-nio-8080-exec-10] INFO  com.smartproperty.service.RecommendationService - 开始为用户 5 生成推荐，数量限制: 6
2026-07-11 20:27:33 [http-nio-8080-exec-10] INFO  com.smartproperty.service.RecommendationService - 用户浏览历史: 15 条，收藏: 1 个
2026-07-11 20:27:33 [http-nio-8080-exec-10] INFO  com.smartproperty.service.RecommendationService - 用户偏好分析完成: 城市=南宁, 区域=高明区, 类型=0, 交易类型=0, 价格=33284.80, 面积=89.20
2026-07-11 20:27:33 [http-nio-8080-exec-10] INFO  com.smartproperty.service.RecommendationService - 候选房源数量: 200
2026-07-11 20:27:33 [http-nio-8080-exec-10] INFO  com.smartproperty.service.RecommendationService - 推荐生成完成，返回 6 个房源
2026-07-11 20:27:33 [http-nio-8080-exec-10] INFO  com.smartproperty.service.impl.AIServiceImpl - 推荐日志已保存，共 6 条
2026-07-11 20:27:33 [http-nio-8080-exec-10] INFO  com.smartproperty.controller.AIController - 推荐成功，返回 6 条房源
2026-07-11 20:43:39 [http-nio-8080-exec-4] INFO  com.smartproperty.controller.AIController - 用户 3 请求智能推荐，数量: 6
2026-07-11 20:43:39 [http-nio-8080-exec-4] INFO  com.smartproperty.service.impl.AIServiceImpl - 为用户 3 生成推荐，限制 6 条
2026-07-11 20:43:39 [http-nio-8080-exec-4] INFO  com.smartproperty.service.RecommendationService - 开始为用户 3 生成推荐，数量限制: 6
2026-07-11 20:43:39 [http-nio-8080-exec-4] INFO  com.smartproperty.service.RecommendationService - 用户浏览历史: 0 条，收藏: 0 个
2026-07-11 20:43:39 [http-nio-8080-exec-4] INFO  com.smartproperty.service.RecommendationService - 用户无历史数据，返回默认偏好
2026-07-11 20:43:39 [http-nio-8080-exec-4] INFO  com.smartproperty.service.RecommendationService - 候选房源数量: 200
2026-07-11 20:43:39 [http-nio-8080-exec-4] INFO  com.smartproperty.service.RecommendationService - 推荐生成完成，返回 6 个房源
2026-07-11 20:43:39 [http-nio-8080-exec-4] INFO  com.smartproperty.service.impl.AIServiceImpl - 推荐日志已保存，共 6 条
2026-07-11 20:43:39 [http-nio-8080-exec-4] INFO  com.smartproperty.controller.AIController - 推荐成功，返回 6 条房源
2026-07-11 20:48:49 [http-nio-8080-exec-3] INFO  com.smartproperty.controller.AIController - 用户 7 提问: 南宁租房什么价格
2026-07-11 20:48:49 [http-nio-8080-exec-3] INFO  com.smartproperty.service.impl.AIServiceImpl - 用户 7 提问: 南宁租房什么价格
2026-07-11 20:48:49 [http-nio-8080-exec-3] INFO  com.smartproperty.service.QAService - 收到问题: 南宁租房什么价格
2026-07-11 20:48:49 [http-nio-8080-exec-3] INFO  com.smartproperty.service.ZhipuAIClient - [火山方舟] 模型: ep-20260604113450-vfx5f, 请求体长度: 355
2026-07-11 20:49:06 [http-nio-8080-exec-3] INFO  com.smartproperty.service.ZhipuAIClient - AI 响应成功，回复长度: 1001
2026-07-11 20:49:06 [http-nio-8080-exec-3] INFO  com.smartproperty.service.QAService - 外部 AI 回答成功，长度: 1001
2026-07-11 20:49:06 [http-nio-8080-exec-3] INFO  com.smartproperty.service.impl.AIServiceImpl - 问答历史已保存，ID: 54
2026-07-11 20:49:06 [http-nio-8080-exec-3] INFO  com.smartproperty.controller.AIController - AI回答成功，问题类型: rent
2026-07-11 20:51:42 [http-nio-8080-exec-5] INFO  com.smartproperty.controller.AIController - 用户 7 提问: 南宁租房一般什么价格
2026-07-11 20:51:42 [http-nio-8080-exec-5] INFO  com.smartproperty.service.impl.AIServiceImpl - 用户 7 提问: 南宁租房一般什么价格
2026-07-11 20:51:42 [http-nio-8080-exec-5] INFO  com.smartproperty.service.QAService - 收到问题: 南宁租房一般什么价格
2026-07-11 20:51:42 [http-nio-8080-exec-5] INFO  com.smartproperty.service.ZhipuAIClient - [火山方舟] 模型: ep-20260604113450-vfx5f, 请求体长度: 357
2026-07-11 20:52:06 [http-nio-8080-exec-5] INFO  com.smartproperty.service.ZhipuAIClient - AI 响应成功，回复长度: 844
2026-07-11 20:52:06 [http-nio-8080-exec-5] INFO  com.smartproperty.service.QAService - 外部 AI 回答成功，长度: 844
2026-07-11 20:52:06 [http-nio-8080-exec-5] INFO  com.smartproperty.service.impl.AIServiceImpl - 问答历史已保存，ID: 55
2026-07-11 20:52:06 [http-nio-8080-exec-5] INFO  com.smartproperty.controller.AIController - AI回答成功，问题类型: rent
2026-07-11 20:53:23 [http-nio-8080-exec-2] INFO  com.smartproperty.controller.AIController - 房东 7 请求生成文案，房源类型: 1, 交易类型: 1
2026-07-11 20:53:23 [http-nio-8080-exec-2] INFO  com.smartproperty.service.impl.AIServiceImpl - 房东 7 请求生成文案，房源标题: 1
2026-07-11 20:53:23 [http-nio-8080-exec-2] INFO  c.smartproperty.service.ContentGenerationService - 开始生成文案，房源标题: 1
2026-07-11 20:53:23 [http-nio-8080-exec-2] INFO  c.smartproperty.service.ContentGenerationService - 检测到有效 API key，优先调用 AI 大模型生成
2026-07-11 20:53:23 [http-nio-8080-exec-2] INFO  com.smartproperty.service.ZhipuAIClient - [火山方舟] 模型: ep-20260604113450-vfx5f, 请求体长度: 343
2026-07-11 20:53:27 [http-nio-8080-exec-2] INFO  com.smartproperty.service.ZhipuAIClient - AI 响应成功，回复长度: 89
2026-07-11 20:53:27 [http-nio-8080-exec-2] INFO  c.smartproperty.service.ContentGenerationService - AI生成简短文案成功，长度: 89
2026-07-11 20:53:27 [http-nio-8080-exec-2] INFO  com.smartproperty.service.ZhipuAIClient - [火山方舟] 模型: ep-20260604113450-vfx5f, 请求体长度: 404
2026-07-11 20:53:40 [http-nio-8080-exec-2] INFO  com.smartproperty.service.ZhipuAIClient - AI 响应成功，回复长度: 679
2026-07-11 20:53:40 [http-nio-8080-exec-2] INFO  c.smartproperty.service.ContentGenerationService - AI生成详细文案成功，长度: 679
2026-07-11 20:53:40 [http-nio-8080-exec-2] INFO  c.smartproperty.service.ContentGenerationService - 文案生成完成，耗时: 17755ms，简短版: 89字，详细版: 679字
2026-07-11 20:53:40 [http-nio-8080-exec-2] INFO  com.smartproperty.service.impl.AIServiceImpl - 文案生成记录已保存，ID: 14
2026-07-11 20:53:40 [http-nio-8080-exec-2] INFO  com.smartproperty.controller.AIController - 文案生成成功，生成ID: 14
2026-07-11 20:55:37 [task-11] DEBUG com.smartproperty.service.UserBehaviorService - 未登录用户浏览房源，不记录行为日志
2026-07-11 20:55:37 [http-nio-8080-exec-10] INFO  com.smartproperty.controller.AIController - 记录用户 27 行为: view 房源 6568
2026-07-11 20:55:37 [http-nio-8080-exec-10] INFO  com.smartproperty.service.impl.AIServiceImpl - 记录用户 27 行为: view 房源 6568
2026-07-11 20:55:37 [http-nio-8080-exec-10] INFO  com.smartproperty.service.impl.AIServiceImpl - 用户行为日志已保存
2026-07-11 20:56:09 [http-nio-8080-exec-6] INFO  com.smartproperty.controller.AIController - 记录用户 27 行为: view 房源 6574
2026-07-11 20:56:09 [http-nio-8080-exec-6] INFO  com.smartproperty.service.impl.AIServiceImpl - 记录用户 27 行为: view 房源 6574
2026-07-11 20:56:09 [http-nio-8080-exec-6] INFO  com.smartproperty.service.impl.AIServiceImpl - 用户行为日志已保存
2026-07-11 20:56:09 [task-12] DEBUG com.smartproperty.service.UserBehaviorService - 未登录用户浏览房源，不记录行为日志
2026-07-11 20:56:09 [http-nio-8080-exec-4] INFO  com.smartproperty.controller.AIController - 记录用户 27 行为: view 房源 6574
2026-07-11 20:56:09 [http-nio-8080-exec-4] INFO  com.smartproperty.service.impl.AIServiceImpl - 记录用户 27 行为: view 房源 6574
2026-07-11 20:56:09 [http-nio-8080-exec-4] INFO  com.smartproperty.service.impl.AIServiceImpl - 用户行为日志已保存
2026-07-11 20:56:43 [http-nio-8080-exec-1] INFO  com.smartproperty.controller.AIController - 记录用户 27 行为: appointment 房源 6574
2026-07-11 20:56:43 [http-nio-8080-exec-1] INFO  com.smartproperty.service.impl.AIServiceImpl - 记录用户 27 行为: appointment 房源 6574
2026-07-11 20:56:43 [http-nio-8080-exec-1] INFO  com.smartproperty.service.impl.AIServiceImpl - 用户行为日志已保存
2026-07-11 20:57:09 [http-nio-8080-exec-6] INFO  com.smartproperty.controller.AIController - 用户 27 提问: 买房需要注意什么？
2026-07-11 20:57:09 [http-nio-8080-exec-6] INFO  com.smartproperty.service.impl.AIServiceImpl - 用户 27 提问: 买房需要注意什么？
2026-07-11 20:57:09 [http-nio-8080-exec-6] INFO  com.smartproperty.service.QAService - 收到问题: 买房需要注意什么？
2026-07-11 20:57:09 [http-nio-8080-exec-6] INFO  com.smartproperty.service.ZhipuAIClient - [火山方舟] 模型: ep-20260604113450-vfx5f, 请求体长度: 356
2026-07-11 20:57:28 [http-nio-8080-exec-6] INFO  com.smartproperty.service.ZhipuAIClient - AI 响应成功，回复长度: 700
2026-07-11 20:57:28 [http-nio-8080-exec-6] INFO  com.smartproperty.service.QAService - 外部 AI 回答成功，长度: 700
2026-07-11 20:57:28 [http-nio-8080-exec-6] INFO  com.smartproperty.service.impl.AIServiceImpl - 问答历史已保存，ID: 56
2026-07-11 20:57:28 [http-nio-8080-exec-6] INFO  com.smartproperty.controller.AIController - AI回答成功，问题类型: buy
2026-07-11 21:11:23 [http-nio-8080-exec-9] INFO  com.smartproperty.controller.AIController - 记录用户 27 行为: view 房源 6574
2026-07-11 21:11:23 [http-nio-8080-exec-9] INFO  com.smartproperty.service.impl.AIServiceImpl - 记录用户 27 行为: view 房源 6574
2026-07-11 21:11:23 [http-nio-8080-exec-9] INFO  com.smartproperty.service.impl.AIServiceImpl - 用户行为日志已保存
2026-07-11 21:11:23 [task-14] DEBUG com.smartproperty.service.UserBehaviorService - 未登录用户浏览房源，不记录行为日志
2026-07-11 21:11:23 [http-nio-8080-exec-2] INFO  com.smartproperty.controller.AIController - 记录用户 27 行为: view 房源 6574
2026-07-11 21:11:23 [http-nio-8080-exec-2] INFO  com.smartproperty.service.impl.AIServiceImpl - 记录用户 27 行为: view 房源 6574
2026-07-11 21:11:23 [http-nio-8080-exec-2] INFO  com.smartproperty.service.impl.AIServiceImpl - 用户行为日志已保存
2026-07-11 21:11:59 [http-nio-8080-exec-8] INFO  com.smartproperty.controller.AIController - 用户 27 提问: 西乡塘的房怎么样
2026-07-11 21:11:59 [http-nio-8080-exec-8] INFO  com.smartproperty.service.impl.AIServiceImpl - 用户 27 提问: 西乡塘的房怎么样
2026-07-11 21:11:59 [http-nio-8080-exec-8] INFO  com.smartproperty.service.QAService - 收到问题: 西乡塘的房怎么样
2026-07-11 21:11:59 [http-nio-8080-exec-8] INFO  com.smartproperty.service.ZhipuAIClient - [火山方舟] 模型: ep-20260604113450-vfx5f, 请求体长度: 355
2026-07-11 21:12:20 [http-nio-8080-exec-8] INFO  com.smartproperty.service.ZhipuAIClient - AI 响应成功，回复长度: 950
2026-07-11 21:12:20 [http-nio-8080-exec-8] INFO  com.smartproperty.service.QAService - 外部 AI 回答成功，长度: 950
2026-07-11 21:12:20 [http-nio-8080-exec-8] INFO  com.smartproperty.service.impl.AIServiceImpl - 问答历史已保存，ID: 57
2026-07-11 21:12:20 [http-nio-8080-exec-8] INFO  com.smartproperty.controller.AIController - AI回答成功，问题类型: general
2026-07-11 21:12:43 [http-nio-8080-exec-1] INFO  com.smartproperty.controller.AIController - 用户 27 提问: 南宁西乡塘的房源怎么样
2026-07-11 21:12:43 [http-nio-8080-exec-1] INFO  com.smartproperty.service.impl.AIServiceImpl - 用户 27 提问: 南宁西乡塘的房源怎么样
2026-07-11 21:12:43 [http-nio-8080-exec-1] INFO  com.smartproperty.service.QAService - 收到问题: 南宁西乡塘的房源怎么样
2026-07-11 21:12:43 [http-nio-8080-exec-1] INFO  com.smartproperty.service.ZhipuAIClient - [火山方舟] 模型: ep-20260604113450-vfx5f, 请求体长度: 358
2026-07-11 21:12:55 [http-nio-8080-exec-1] INFO  com.smartproperty.service.ZhipuAIClient - AI 响应成功，回复长度: 646
2026-07-11 21:12:55 [http-nio-8080-exec-1] INFO  com.smartproperty.service.QAService - 外部 AI 回答成功，长度: 646
2026-07-11 21:12:55 [http-nio-8080-exec-1] INFO  com.smartproperty.service.impl.AIServiceImpl - 问答历史已保存，ID: 58
2026-07-11 21:12:55 [http-nio-8080-exec-1] INFO  com.smartproperty.controller.AIController - AI回答成功，问题类型: buy
2026-07-11 21:16:51 [task-15] DEBUG com.smartproperty.service.UserBehaviorService - 未登录用户浏览房源，不记录行为日志
2026-07-11 21:16:52 [http-nio-8080-exec-9] INFO  com.smartproperty.controller.AIController - 记录用户 27 行为: view 房源 6574
2026-07-11 21:16:52 [http-nio-8080-exec-9] INFO  com.smartproperty.service.impl.AIServiceImpl - 记录用户 27 行为: view 房源 6574
2026-07-11 21:16:52 [http-nio-8080-exec-9] INFO  com.smartproperty.service.impl.AIServiceImpl - 用户行为日志已保存
2026-07-11 21:25:17 [task-16] DEBUG com.smartproperty.service.UserBehaviorService - 未登录用户浏览房源，不记录行为日志
2026-07-11 21:25:17 [http-nio-8080-exec-2] INFO  com.smartproperty.controller.AIController - 记录用户 27 行为: view 房源 6574
2026-07-11 21:25:17 [http-nio-8080-exec-2] INFO  com.smartproperty.service.impl.AIServiceImpl - 记录用户 27 行为: view 房源 6574
2026-07-11 21:25:17 [http-nio-8080-exec-2] INFO  com.smartproperty.service.impl.AIServiceImpl - 用户行为日志已保存
2026-07-11 21:25:21 [task-17] DEBUG com.smartproperty.service.UserBehaviorService - 未登录用户浏览房源，不记录行为日志
2026-07-11 21:25:21 [http-nio-8080-exec-1] INFO  com.smartproperty.controller.AIController - 记录用户 27 行为: view 房源 6574
2026-07-11 21:25:21 [http-nio-8080-exec-1] INFO  com.smartproperty.service.impl.AIServiceImpl - 记录用户 27 行为: view 房源 6574
2026-07-11 21:25:21 [http-nio-8080-exec-1] INFO  com.smartproperty.service.impl.AIServiceImpl - 用户行为日志已保存
2026-07-11 21:25:22 [task-18] DEBUG com.smartproperty.service.UserBehaviorService - 未登录用户浏览房源，不记录行为日志
2026-07-11 21:25:23 [http-nio-8080-exec-9] INFO  com.smartproperty.controller.AIController - 记录用户 27 行为: view 房源 6574
2026-07-11 21:25:23 [http-nio-8080-exec-9] INFO  com.smartproperty.service.impl.AIServiceImpl - 记录用户 27 行为: view 房源 6574
2026-07-11 21:25:23 [http-nio-8080-exec-9] INFO  com.smartproperty.service.impl.AIServiceImpl - 用户行为日志已保存
2026-07-11 21:25:55 [http-nio-8080-exec-2] INFO  com.smartproperty.controller.AIController - 用户 27 请求智能推荐，数量: 6
2026-07-11 21:25:55 [http-nio-8080-exec-2] INFO  com.smartproperty.service.impl.AIServiceImpl - 为用户 27 生成推荐，限制 6 条
2026-07-11 21:25:55 [http-nio-8080-exec-2] INFO  com.smartproperty.service.RecommendationService - 开始为用户 27 生成推荐，数量限制: 6
2026-07-11 21:25:55 [http-nio-8080-exec-2] INFO  com.smartproperty.service.RecommendationService - 用户浏览历史: 9 条，收藏: 0 个
2026-07-11 21:25:55 [http-nio-8080-exec-2] INFO  com.smartproperty.service.RecommendationService - 用户偏好分析完成: 城市=南宁, 区域=南湖国际社区, 类型=0, 交易类型=0, 价格=990100.00, 面积=135.50
2026-07-11 21:25:55 [http-nio-8080-exec-2] INFO  com.smartproperty.service.RecommendationService - 候选房源数量: 200
2026-07-11 21:25:55 [http-nio-8080-exec-2] INFO  com.smartproperty.service.RecommendationService - 推荐生成完成，返回 6 个房源
2026-07-11 21:25:55 [http-nio-8080-exec-2] INFO  com.smartproperty.service.impl.AIServiceImpl - 推荐日志已保存，共 6 条
2026-07-11 21:25:55 [http-nio-8080-exec-2] INFO  com.smartproperty.controller.AIController - 推荐成功，返回 6 条房源
2026-07-11 21:26:18 [http-nio-8080-exec-1] INFO  com.smartproperty.controller.AIController - 记录用户 27 行为: view 房源 6574
2026-07-11 21:26:18 [http-nio-8080-exec-1] INFO  com.smartproperty.service.impl.AIServiceImpl - 记录用户 27 行为: view 房源 6574
2026-07-11 21:26:18 [http-nio-8080-exec-1] INFO  com.smartproperty.service.impl.AIServiceImpl - 用户行为日志已保存
2026-07-11 21:26:18 [task-19] DEBUG com.smartproperty.service.UserBehaviorService - 未登录用户浏览房源，不记录行为日志
2026-07-11 21:26:18 [http-nio-8080-exec-9] INFO  com.smartproperty.controller.AIController - 记录用户 27 行为: view 房源 6574
2026-07-11 21:26:18 [http-nio-8080-exec-9] INFO  com.smartproperty.service.impl.AIServiceImpl - 记录用户 27 行为: view 房源 6574
2026-07-11 21:26:18 [http-nio-8080-exec-9] INFO  com.smartproperty.service.impl.AIServiceImpl - 用户行为日志已保存
2026-07-11 21:26:47 [http-nio-8080-exec-3] INFO  com.smartproperty.controller.AIController - 用户 27 请求智能推荐，数量: 6
2026-07-11 21:26:47 [http-nio-8080-exec-3] INFO  com.smartproperty.service.impl.AIServiceImpl - 为用户 27 生成推荐，限制 6 条
2026-07-11 21:26:47 [http-nio-8080-exec-3] INFO  com.smartproperty.service.RecommendationService - 开始为用户 27 生成推荐，数量限制: 6
2026-07-11 21:26:47 [http-nio-8080-exec-3] INFO  com.smartproperty.service.RecommendationService - 用户浏览历史: 11 条，收藏: 0 个
2026-07-11 21:26:47 [http-nio-8080-exec-3] INFO  com.smartproperty.service.RecommendationService - 用户偏好分析完成: 城市=南宁, 区域=南湖国际社区, 类型=0, 交易类型=0, 价格=990100.00, 面积=135.50
2026-07-11 21:26:47 [http-nio-8080-exec-3] INFO  com.smartproperty.service.RecommendationService - 候选房源数量: 200
2026-07-11 21:26:47 [http-nio-8080-exec-3] INFO  com.smartproperty.service.RecommendationService - 推荐生成完成，返回 6 个房源
2026-07-11 21:26:47 [http-nio-8080-exec-3] INFO  com.smartproperty.service.impl.AIServiceImpl - 推荐日志已保存，共 6 条
2026-07-11 21:26:47 [http-nio-8080-exec-3] INFO  com.smartproperty.controller.AIController - 推荐成功，返回 6 条房源
2026-07-11 21:27:08 [http-nio-8080-exec-10] INFO  com.smartproperty.controller.AIController - 用户 27 提问: 西乡塘买房要注意什么
2026-07-11 21:27:08 [http-nio-8080-exec-10] INFO  com.smartproperty.service.impl.AIServiceImpl - 用户 27 提问: 西乡塘买房要注意什么
2026-07-11 21:27:08 [http-nio-8080-exec-10] INFO  com.smartproperty.service.QAService - 收到问题: 西乡塘买房要注意什么
2026-07-11 21:27:08 [http-nio-8080-exec-10] INFO  com.smartproperty.service.ZhipuAIClient - [火山方舟] 模型: ep-20260604113450-vfx5f, 请求体长度: 357
2026-07-11 21:27:20 [http-nio-8080-exec-10] INFO  com.smartproperty.service.ZhipuAIClient - AI 响应成功，回复长度: 749
2026-07-11 21:27:20 [http-nio-8080-exec-10] INFO  com.smartproperty.service.QAService - 外部 AI 回答成功，长度: 749
2026-07-11 21:27:20 [http-nio-8080-exec-10] INFO  com.smartproperty.service.impl.AIServiceImpl - 问答历史已保存，ID: 59
2026-07-11 21:27:20 [http-nio-8080-exec-10] INFO  com.smartproperty.controller.AIController - AI回答成功，问题类型: buy
2026-07-11 21:27:38 [http-nio-8080-exec-3] INFO  com.smartproperty.controller.AIController - 记录用户 27 行为: unfavorite 房源 3331
2026-07-11 21:27:38 [http-nio-8080-exec-3] INFO  com.smartproperty.service.impl.AIServiceImpl - 记录用户 27 行为: unfavorite 房源 3331
2026-07-11 21:27:38 [http-nio-8080-exec-3] INFO  com.smartproperty.service.impl.AIServiceImpl - 用户行为日志已保存
2026-07-11 21:27:46 [http-nio-8080-exec-8] INFO  com.smartproperty.controller.AIController - 用户 27 请求智能推荐，数量: 10
2026-07-11 21:27:46 [http-nio-8080-exec-8] INFO  com.smartproperty.service.impl.AIServiceImpl - 为用户 27 生成推荐，限制 10 条
2026-07-11 21:27:46 [http-nio-8080-exec-8] INFO  com.smartproperty.service.RecommendationService - 开始为用户 27 生成推荐，数量限制: 10
2026-07-11 21:27:46 [http-nio-8080-exec-8] INFO  com.smartproperty.service.RecommendationService - 用户浏览历史: 11 条，收藏: 0 个
2026-07-11 21:27:46 [http-nio-8080-exec-8] INFO  com.smartproperty.service.RecommendationService - 用户偏好分析完成: 城市=南宁, 区域=南湖国际社区, 类型=0, 交易类型=0, 价格=990100.00, 面积=135.50
2026-07-11 21:27:47 [http-nio-8080-exec-8] INFO  com.smartproperty.service.RecommendationService - 候选房源数量: 200
2026-07-11 21:27:47 [http-nio-8080-exec-8] INFO  com.smartproperty.service.RecommendationService - 推荐生成完成，返回 10 个房源
2026-07-11 21:27:47 [http-nio-8080-exec-8] INFO  com.smartproperty.service.impl.AIServiceImpl - 推荐日志已保存，共 10 条
2026-07-11 21:27:47 [http-nio-8080-exec-8] INFO  com.smartproperty.controller.AIController - 推荐成功，返回 10 条房源
2026-07-11 22:03:04 [SpringApplicationShutdownHook] INFO  com.zaxxer.hikari.HikariDataSource - HikariPool-1 - Shutdown initiated...
2026-07-11 22:03:04 [SpringApplicationShutdownHook] INFO  com.zaxxer.hikari.HikariDataSource - HikariPool-1 - Shutdown completed.
